"item_id","dataset_id","status","file_name","creation_date","update_date","resolved_wos_ut"
CTNG2026020016504742,DATA2026020035075973,A,CTNG2026020.XML,2026-08-20 06:08:59.654,2026-08-20 06:09:00.596,WOS:000412095400006
CTNG2026020016504739,DATA2026020035075971,A,CTNG2026020.XML,2026-08-20 06:08:59.592,2026-08-20 06:09:00.614,WOS:000412095400006
CTNG2026020016466668,DATA2026020034944005,A,CTNG2026020.XML,2026-08-20 06:09:00.056,2026-08-20 06:09:01.509,WOS:001642948700001
CTNG2026020016466655,DATA2026020034943985,A,CTNG2026020.XML,2026-08-20 06:08:59.880,2026-08-20 06:09:01.799,WOS:001667570500001
CTNG2026020016466662,DATA2026020034943996,A,CTNG2026020.XML,2026-08-20 06:08:59.938,2026-08-20 06:09:01.956,WOS:001450949100001
CTNG2026020016466684,DATA2026020034944022,A,CTNG2026020.XML,2026-08-20 06:09:00.360,2026-08-20 06:09:02.063,WOS:001649648800001
CTNG2026020016466663,DATA2026020034943997,A,CTNG2026020.XML,2026-08-20 06:08:59.954,2026-08-20 06:09:02.218,WOS:001666735600001
CTNG2026020016466672,DATA2026020034944009,A,CTNG2026020.XML,2026-08-20 06:09:00.136,2026-08-20 06:09:02.233,WOS:001592871600001
CTNG2026020016466636,DATA2026020034943944,A,CTNG2026020.XML,2026-08-20 06:08:59.717,2026-08-20 06:09:02.308,WOS:001659603300001
CTNG2026020016466653,DATA2026020034943982,A,CTNG2026020.XML,2026-08-20 06:08:59.843,2026-08-20 06:09:02.524,WOS:001450949100001
CTNG2026020016504740,DATA2026020035075972,A,CTNG2026020.XML,2026-08-20 06:08:59.637,2026-08-20 06:09:00.614,WOS:000412095400006
CTNG2026020016466671,DATA2026020034944008,A,CTNG2026020.XML,2026-08-20 06:09:00.122,2026-08-20 06:09:02.092,WOS:001640383200001
CTNG2026020016466640,DATA2026020034943951,A,CTNG2026020.XML,2026-08-20 06:08:59.740,2026-08-20 06:09:02.526,WOS:001641653600001
CTNG2026020016466688,DATA2026020034944026,A,CTNG2026020.XML,2026-08-20 06:09:00.429,2026-08-20 06:09:02.899,WOS:001654737200001
CTNG2026020016466690,DATA2026020034944028,A,CTNG2026020.XML,2026-08-20 06:09:00.460,2026-08-20 06:09:02.968,WOS:001656472500001
CTNG2026020016466667,DATA2026020034944004,A,CTNG2026020.XML,2026-08-20 06:09:00.036,2026-08-20 06:09:03.515,WOS:001656486200008
CTNG2026020016466714,DATA2026020034944056,A,CTNG2026020.XML,2026-08-20 06:09:00.824,2026-08-20 06:09:03.600,WOS:001656848600001
CTNG2026020016466702,DATA2026020034944040,A,CTNG2026020.XML,2026-08-20 06:09:00.677,2026-08-20 06:09:04.388,WOS:001642511600001
CTNG2026020016466741,DATA2026020034944118,A,CTNG2026020.XML,2026-08-20 06:09:00.915,2026-08-20 06:09:05.130,WOS:001676972400001
CTNG2026020016466674,DATA2026020034944011,A,CTNG2026020.XML,2026-08-20 06:09:00.172,2026-08-20 06:09:01.645,WOS:001654322700002
CTNG2026020016466654,DATA2026020034943984,A,CTNG2026020.XML,2026-08-20 06:08:59.862,2026-08-20 06:09:01.675,WOS:001450949100001
CTNG2026020016466660,DATA2026020034943994,A,CTNG2026020.XML,2026-08-20 06:08:59.896,2026-08-20 06:09:01.909,WOS:001450949100001
CTNG2026020016466635,DATA2026020034943940,A,CTNG2026020.XML,2026-08-20 06:08:59.698,2026-08-20 06:09:01.926,WOS:001649197300001
CTNG2026020016466758,DATA2026020034944135,A,CTNG2026020.XML,2026-08-20 06:09:01.179,2026-08-20 06:09:05.503,null
CTNG2026020016466670,DATA2026020034944007,A,CTNG2026020.XML,2026-08-20 06:09:00.087,2026-08-20 06:09:01.985,WOS:001566385700001
CTNG2026020016466652,DATA2026020034943980,A,CTNG2026020.XML,2026-08-20 06:08:59.821,2026-08-20 06:09:02.102,WOS:001450949100001
CTNG2026020016466622,DATA2026020034943923,A,CTNG2026020.XML,2026-08-20 06:08:59.676,2026-08-20 06:09:02.139,WOS:001659506000001
CTNG2026020016466666,DATA2026020034944003,A,CTNG2026020.XML,2026-08-20 06:09:00.001,2026-08-20 06:09:02.293,WOS:001654724600001
CTNG2026020016466644,DATA2026020034943962,A,CTNG2026020.XML,2026-08-20 06:08:59.782,2026-08-20 06:09:02.371,WOS:001608652400004
CTNG2026020016466692,DATA2026020034944030,A,CTNG2026020.XML,2026-08-20 06:09:00.491,2026-08-20 06:09:02.414,WOS:001656130600001
CTNG2026020016466682,DATA2026020034944020,A,CTNG2026020.XML,2026-08-20 06:09:00.320,2026-08-20 06:09:02.457,WOS:001654737200001
CTNG2026020016466687,DATA2026020034944025,A,CTNG2026020.XML,2026-08-20 06:09:00.413,2026-08-20 06:09:02.569,WOS:001649648800001
CTNG2026020016466677,DATA2026020034944014,A,CTNG2026020.XML,2026-08-20 06:09:00.225,2026-08-20 06:09:02.807,WOS:001654828600003
CTNG2026020016466678,DATA2026020034944015,A,CTNG2026020.XML,2026-08-20 06:09:00.246,2026-08-20 06:09:02.501,WOS:001651158800007
CTNG2026020016466694,DATA2026020034944032,A,CTNG2026020.XML,2026-08-20 06:09:00.534,2026-08-20 06:09:02.828,WOS:001651055300001
CTNG2026020016466641,DATA2026020034943952,A,CTNG2026020.XML,2026-08-20 06:08:59.760,2026-08-20 06:09:02.528,WOS:001641653600001
CTNG2026020016466689,DATA2026020034944027,A,CTNG2026020.XML,2026-08-20 06:09:00.442,2026-08-20 06:09:03.465,WOS:001645541500001
CTNG2026020016466720,DATA2026020034944064,A,CTNG2026020.XML,2026-08-20 06:09:00.841,2026-08-20 06:09:04.764,WOS:001523025200010
CTNG2026020016466746,DATA2026020034944123,A,CTNG2026020.XML,2026-08-20 06:09:00.990,2026-08-20 06:09:05.724,WOS:001568005800001
CTNG2026020016466762,DATA2026020034944139,A,CTNG2026020.XML,2026-08-20 06:09:01.246,2026-08-20 06:09:07.116,WOS:001648075900001
CTNG2026020016466775,DATA2026020034944152,A,CTNG2026020.XML,2026-08-20 06:09:01.506,2026-08-20 06:09:08.133,WOS:001646815000001
CTNG2026020016466813,DATA2026020034944208,A,CTNG2026020.XML,2026-08-20 06:09:01.961,2026-08-20 06:09:08.811,WOS:001642799800002
CTNG2026020016466816,DATA2026020034944211,A,CTNG2026020.XML,2026-08-20 06:09:02.011,2026-08-20 06:09:10.046,WOS:001472614300001
CTNG2026020016466825,DATA2026020034944220,A,CTNG2026020.XML,2026-08-20 06:09:02.195,2026-08-20 06:09:10.734,WOS:001644002300001
CTNG2026020016466695,DATA2026020034944033,A,CTNG2026020.XML,2026-08-20 06:09:00.549,2026-08-20 06:09:02.824,WOS:001680925700006
CTNG2026020016466700,DATA2026020034944038,A,CTNG2026020.XML,2026-08-20 06:09:00.629,2026-08-20 06:09:03.674,WOS:001335864800001
CTNG2026020016466673,DATA2026020034944010,A,CTNG2026020.XML,2026-08-20 06:09:00.153,2026-08-20 06:09:03.770,WOS:001652375300001
CTNG2026020016466686,DATA2026020034944024,A,CTNG2026020.XML,2026-08-20 06:09:00.397,2026-08-20 06:09:02.926,WOS:001656485200001
CTNG2026020016466705,DATA2026020034944043,A,CTNG2026020.XML,2026-08-20 06:09:00.728,2026-08-20 06:09:03.281,WOS:001650871800001
CTNG2026020016466698,DATA2026020034944036,A,CTNG2026020.XML,2026-08-20 06:09:00.599,2026-08-20 06:09:03.513,WOS:001335864800001
CTNG2026020016466693,DATA2026020034944031,A,CTNG2026020.XML,2026-08-20 06:09:00.513,2026-08-20 06:09:03.590,WOS:001643716000001
CTNG2026020016466712,DATA2026020034944052,A,CTNG2026020.XML,2026-08-20 06:09:00.808,2026-08-20 06:09:04.280,WOS:001682715600003
CTNG2026020016466696,DATA2026020034944034,A,CTNG2026020.XML,2026-08-20 06:09:00.563,2026-08-20 06:09:04.735,WOS:001637030100001
CTNG2026020016466742,DATA2026020034944119,A,CTNG2026020.XML,2026-08-20 06:09:00.930,2026-08-20 06:09:04.899,WOS:001319578500001
CTNG2026020016466745,DATA2026020034944122,A,CTNG2026020.XML,2026-08-20 06:09:00.976,2026-08-20 06:09:05.210,WOS:001638754600001
CTNG2026020016466675,DATA2026020034944012,A,CTNG2026020.XML,2026-08-20 06:09:00.188,2026-08-20 06:09:05.558,WOS:001702834100003
CTNG2026020016466676,DATA2026020034944013,A,CTNG2026020.XML,2026-08-20 06:09:00.207,2026-08-20 06:09:05.596,WOS:001702834100003
CTNG2026020016466706,DATA2026020034944044,A,CTNG2026020.XML,2026-08-20 06:09:00.747,2026-08-20 06:09:03.037,WOS:001586872700014
CTNG2026020016466725,DATA2026020034944079,A,CTNG2026020.XML,2026-08-20 06:09:00.853,2026-08-20 06:09:03.660,WOS:001438727500001
CTNG2026020016466685,DATA2026020034944023,A,CTNG2026020.XML,2026-08-20 06:09:00.378,2026-08-20 06:09:03.702,WOS:001654817500001
CTNG2026020016466707,DATA2026020034944045,A,CTNG2026020.XML,2026-08-20 06:09:00.761,2026-08-20 06:09:03.663,WOS:001335864800001
CTNG2026020016466661,DATA2026020034943995,A,CTNG2026020.XML,2026-08-20 06:08:59.915,2026-08-20 06:09:03.755,WOS:001656486200008
CTNG2026020016466736,DATA2026020034944112,A,CTNG2026020.XML,2026-08-20 06:09:00.899,2026-08-20 06:09:05.339,WOS:001520636700005
CTNG2026020016466751,DATA2026020034944128,A,CTNG2026020.XML,2026-08-20 06:09:01.068,2026-08-20 06:09:05.846,WOS:001646748400001
CTNG2026020016466769,DATA2026020034944146,A,CTNG2026020.XML,2026-08-20 06:09:01.380,2026-08-20 06:09:06.448,WOS:001646473900001
CTNG2026020016466778,DATA2026020034944155,A,CTNG2026020.XML,2026-08-20 06:09:01.559,2026-08-20 06:09:07.423,WOS:001638893900001
CTNG2026020016466734,DATA2026020034944109,A,CTNG2026020.XML,2026-08-20 06:09:00.884,2026-08-20 06:09:04.508,WOS:001640436100001
CTNG2026020016466697,DATA2026020034944035,A,CTNG2026020.XML,2026-08-20 06:09:00.581,2026-08-20 06:09:04.625,WOS:001645773400001
CTNG2026020016466708,DATA2026020034944046,A,CTNG2026020.XML,2026-08-20 06:09:00.778,2026-08-20 06:09:04.796,WOS:001651018600002
CTNG2026020016466691,DATA2026020034944029,A,CTNG2026020.XML,2026-08-20 06:09:00.476,2026-08-20 06:09:04.928,WOS:001681525300002
CTNG2026020016466744,DATA2026020034944121,A,CTNG2026020.XML,2026-08-20 06:09:00.960,2026-08-20 06:09:05.456,WOS:001646471700001
CTNG2026020016466756,DATA2026020034944133,A,CTNG2026020.XML,2026-08-20 06:09:01.144,2026-08-20 06:09:05.564,WOS:001646077000001
CTNG2026020016466753,DATA2026020034944130,A,CTNG2026020.XML,2026-08-20 06:09:01.100,2026-08-20 06:09:05.852,WOS:001638511600001
CTNG2026020016466730,DATA2026020034944096,A,CTNG2026020.XML,2026-08-20 06:09:00.869,2026-08-20 06:09:05.872,WOS:001646721000001
CTNG2026020016466760,DATA2026020034944137,A,CTNG2026020.XML,2026-08-20 06:09:01.215,2026-08-20 06:09:06.453,WOS:001648633300001
CTNG2026020016466748,DATA2026020034944125,A,CTNG2026020.XML,2026-08-20 06:09:01.023,2026-08-20 06:09:05.245,WOS:001646896600001
CTNG2026020016466750,DATA2026020034944127,A,CTNG2026020.XML,2026-08-20 06:09:01.052,2026-08-20 06:09:05.783,WOS:001595350700001
CTNG2026020016466768,DATA2026020034944145,A,CTNG2026020.XML,2026-08-20 06:09:01.356,2026-08-20 06:09:05.801,WOS:001640012600002
CTNG2026020016466771,DATA2026020034944148,A,CTNG2026020.XML,2026-08-20 06:09:01.435,2026-08-20 06:09:06.196,WOS:001614380900001
CTNG2026020016466766,DATA2026020034944143,A,CTNG2026020.XML,2026-08-20 06:09:01.318,2026-08-20 06:09:06.509,WOS:001643873300001
CTNG2026020016466777,DATA2026020034944154,A,CTNG2026020.XML,2026-08-20 06:09:01.540,2026-08-20 06:09:06.695,WOS:001646814300001
CTNG2026020016466757,DATA2026020034944134,A,CTNG2026020.XML,2026-08-20 06:09:01.162,2026-08-20 06:09:05.943,WOS:001596087700001
CTNG2026020016466747,DATA2026020034944124,A,CTNG2026020.XML,2026-08-20 06:09:01.010,2026-08-20 06:09:06.015,WOS:001648796900003
CTNG2026020016466749,DATA2026020034944126,A,CTNG2026020.XML,2026-08-20 06:09:01.037,2026-08-20 06:09:06.267,WOS:001646473900001
CTNG2026020016466703,DATA2026020034944041,A,CTNG2026020.XML,2026-08-20 06:09:00.694,2026-08-20 06:09:06.352,WOS:001602802000001
CTNG2026020016466764,DATA2026020034944141,A,CTNG2026020.XML,2026-08-20 06:09:01.281,2026-08-20 06:09:06.371,WOS:001646798700001
CTNG2026020016466761,DATA2026020034944138,A,CTNG2026020.XML,2026-08-20 06:09:01.229,2026-08-20 06:09:06.807,WOS:001638977200001
CTNG2026020016466773,DATA2026020034944150,A,CTNG2026020.XML,2026-08-20 06:09:01.470,2026-08-20 06:09:07.046,WOS:001647251700001
CTNG2026020016466679,DATA2026020034944016,A,CTNG2026020.XML,2026-08-20 06:09:00.265,2026-08-20 06:09:07.292,WOS:001652012200001
CTNG2026020016466790,DATA2026020034944178,A,CTNG2026020.XML,2026-08-20 06:09:01.709,2026-08-20 06:09:07.301,null
CTNG2026020016466754,DATA2026020034944131,A,CTNG2026020.XML,2026-08-20 06:09:01.114,2026-08-20 06:09:06.456,WOS:001646473900001
CTNG2026020016466759,DATA2026020034944136,A,CTNG2026020.XML,2026-08-20 06:09:01.198,2026-08-20 06:09:06.915,WOS:001646458700001
CTNG2026020016466805,DATA2026020034944200,A,CTNG2026020.XML,2026-08-20 06:09:01.816,2026-08-20 06:09:08.112,WOS:001534601200001
CTNG2026020016466809,DATA2026020034944204,A,CTNG2026020.XML,2026-08-20 06:09:01.888,2026-08-20 06:09:08.295,null
CTNG2026020016466824,DATA2026020034944219,A,CTNG2026020.XML,2026-08-20 06:09:02.160,2026-08-20 06:09:10.214,WOS:001403193900001
CTNG2026020016466827,DATA2026020034944222,A,CTNG2026020.XML,2026-08-20 06:09:02.226,2026-08-20 06:09:11.350,WOS:001625347900001
CTNG2026020016466870,DATA2026020034944286,A,CTNG2026020.XML,2026-08-20 06:09:02.647,2026-08-20 06:09:13.101,WOS:001641400300009
CTNG2026020016466752,DATA2026020034944129,A,CTNG2026020.XML,2026-08-20 06:09:01.083,2026-08-20 06:09:06.460,WOS:001398795900001
CTNG2026020016466770,DATA2026020034944147,A,CTNG2026020.XML,2026-08-20 06:09:01.403,2026-08-20 06:09:07.083,WOS:001648107600001
CTNG2026020016466804,DATA2026020034944199,A,CTNG2026020.XML,2026-08-20 06:09:01.799,2026-08-20 06:09:08.440,WOS:001642126700001
CTNG2026020016466812,DATA2026020034944207,A,CTNG2026020.XML,2026-08-20 06:09:01.946,2026-08-20 06:09:10.403,WOS:001644045500001
CTNG2026020016466828,DATA2026020034944223,A,CTNG2026020.XML,2026-08-20 06:09:02.242,2026-08-20 06:09:10.513,WOS:001645378900009
CTNG2026020016466875,DATA2026020034944291,A,CTNG2026020.XML,2026-08-20 06:09:02.744,2026-08-20 06:09:11.350,WOS:001641770700001
CTNG2026020016466877,DATA2026020034944293,A,CTNG2026020.XML,2026-08-20 06:09:02.777,2026-08-20 06:09:12.573,WOS:001640238900017
CTNG2026020016466887,DATA2026020034944303,A,CTNG2026020.XML,2026-08-20 06:09:03.004,2026-08-20 06:09:13.932,WOS:001638545600001
CTNG2026020016466789,DATA2026020034944176,A,CTNG2026020.XML,2026-08-20 06:09:01.680,2026-08-20 06:09:06.945,null
CTNG2026020016466807,DATA2026020034944202,A,CTNG2026020.XML,2026-08-20 06:09:01.852,2026-08-20 06:09:07.289,null
CTNG2026020016466776,DATA2026020034944153,A,CTNG2026020.XML,2026-08-20 06:09:01.521,2026-08-20 06:09:07.305,WOS:001646460400001
CTNG2026020016466810,DATA2026020034944205,A,CTNG2026020.XML,2026-08-20 06:09:01.919,2026-08-20 06:09:07.472,null
CTNG2026020016466806,DATA2026020034944201,A,CTNG2026020.XML,2026-08-20 06:09:01.839,2026-08-20 06:09:08.779,WOS:001645830000001
CTNG2026020016466817,DATA2026020034944212,A,CTNG2026020.XML,2026-08-20 06:09:02.026,2026-08-20 06:09:09.568,WOS:001642843300001
CTNG2026020016466821,DATA2026020034944216,A,CTNG2026020.XML,2026-08-20 06:09:02.097,2026-08-20 06:09:09.721,WOS:001534601200001
CTNG2026020016466815,DATA2026020034944210,A,CTNG2026020.XML,2026-08-20 06:09:01.991,2026-08-20 06:09:10.043,WOS:001632509400007
CTNG2026020016466772,DATA2026020034944149,A,CTNG2026020.XML,2026-08-20 06:09:01.453,2026-08-20 06:09:07.329,WOS:001632690900001
CTNG2026020016466765,DATA2026020034944142,A,CTNG2026020.XML,2026-08-20 06:09:01.298,2026-08-20 06:09:07.522,WOS:001353683100001
CTNG2026020016466786,DATA2026020034944167,A,CTNG2026020.XML,2026-08-20 06:09:01.609,2026-08-20 06:09:08.681,WOS:001672477700004
CTNG2026020016466802,DATA2026020034944197,A,CTNG2026020.XML,2026-08-20 06:09:01.761,2026-08-20 06:09:08.930,WOS:001643965500001
CTNG2026020016466818,DATA2026020034944213,A,CTNG2026020.XML,2026-08-20 06:09:02.041,2026-08-20 06:09:09.951,WOS:001610251200001
CTNG2026020016466822,DATA2026020034944217,A,CTNG2026020.XML,2026-08-20 06:09:02.115,2026-08-20 06:09:10.450,WOS:001646433500003
CTNG2026020016466838,DATA2026020034944247,A,CTNG2026020.XML,2026-08-20 06:09:02.452,2026-08-20 06:09:10.754,WOS:001645317200009
CTNG2026020016466830,DATA2026020034944225,A,CTNG2026020.XML,2026-08-20 06:09:02.298,2026-08-20 06:09:11.497,WOS:001625347900001
CTNG2026020016466866,DATA2026020034944282,A,CTNG2026020.XML,2026-08-20 06:09:02.563,2026-08-20 06:09:11.860,WOS:001640238900009
CTNG2026020016466879,DATA2026020034944295,A,CTNG2026020.XML,2026-08-20 06:09:02.817,2026-08-20 06:09:13.015,WOS:001636700200001
CTNG2026020016466895,DATA2026020034944311,A,CTNG2026020.XML,2026-08-20 06:09:03.214,2026-08-20 06:09:13.894,WOS:001634906400001
CTNG2026020016466927,DATA2026020034944403,A,CTNG2026020.XML,2026-08-20 06:09:03.401,2026-08-20 06:09:15.126,WOS:001741417300001
CTNG2026020016466939,DATA2026020034944421,A,CTNG2026020.XML,2026-08-20 06:09:03.835,2026-08-20 06:09:16.513,WOS:001607961300001
CTNG2026020016466876,DATA2026020034944292,A,CTNG2026020.XML,2026-08-20 06:09:02.762,2026-08-20 06:09:17.036,WOS:001639597000001
CTNG2026020016466956,DATA2026020034944438,A,CTNG2026020.XML,2026-08-20 06:09:04.176,2026-08-20 06:09:17.509,WOS:001632157700001
CTNG2026020016466980,DATA2026020034944481,A,CTNG2026020.XML,2026-08-20 06:09:04.558,2026-08-20 06:09:18.557,WOS:001645779600002
CTNG2026020016466891,DATA2026020034944307,A,CTNG2026020.XML,2026-08-20 06:09:03.103,2026-08-20 06:09:19.561,WOS:001640160900001
CTNG2026020016467005,DATA2026020034944534,A,CTNG2026020.XML,2026-08-20 06:09:04.792,2026-08-20 06:09:20.108,WOS:001379052500003
CTNG2026020016467015,DATA2026020034944544,A,CTNG2026020.XML,2026-08-20 06:09:05.049,2026-08-20 06:09:20.553,WOS:001625067100001
CTNG2026020016467000,DATA2026020034944528,A,CTNG2026020.XML,2026-08-20 06:09:04.678,2026-08-20 06:09:21.132,WOS:001623960200001
CTNG2026020016467026,DATA2026020034944556,A,CTNG2026020.XML,2026-08-20 06:09:05.460,2026-08-20 06:09:21.315,WOS:001625121300021
CTNG2026020016467035,DATA2026020034944565,A,CTNG2026020.XML,2026-08-20 06:09:05.654,2026-08-20 06:09:21.861,WOS:001624136000001
CTNG2026020016466788,DATA2026020034944172,A,CTNG2026020.XML,2026-08-20 06:09:01.642,2026-08-20 06:09:07.333,WOS:001677399100001
CTNG2026020016466792,DATA2026020034944182,A,CTNG2026020.XML,2026-08-20 06:09:01.723,2026-08-20 06:09:07.968,WOS:001677427900001
CTNG2026020016466808,DATA2026020034944203,A,CTNG2026020.XML,2026-08-20 06:09:01.871,2026-08-20 06:09:08.162,WOS:001645378900009
CTNG2026020016466811,DATA2026020034944206,A,CTNG2026020.XML,2026-08-20 06:09:01.932,2026-08-20 06:09:08.644,WOS:001634942600001
CTNG2026020016466801,DATA2026020034944196,A,CTNG2026020.XML,2026-08-20 06:09:01.739,2026-08-20 06:09:08.696,WOS:001638926900001
CTNG2026020016466774,DATA2026020034944151,A,CTNG2026020.XML,2026-08-20 06:09:01.487,2026-08-20 06:09:09.130,WOS:001637496700001
CTNG2026020016467234,DATA2026020034944864,A,CTNG2026020.XML,2026-08-20 06:09:08.327,2026-08-20 06:10:11.897,WOS:001638442600005
CTNG2026020016466803,DATA2026020034944198,A,CTNG2026020.XML,2026-08-20 06:09:01.779,2026-08-20 06:09:08.785,WOS:001646433300002
CTNG2026020016466820,DATA2026020034944215,A,CTNG2026020.XML,2026-08-20 06:09:02.071,2026-08-20 06:09:10.397,WOS:001593119300001
CTNG2026020016466832,DATA2026020034944230,A,CTNG2026020.XML,2026-08-20 06:09:02.346,2026-08-20 06:09:10.970,WOS:000989937200013
CTNG2026020016466873,DATA2026020034944289,A,CTNG2026020.XML,2026-08-20 06:09:02.709,2026-08-20 06:09:12.126,WOS:001636700700001
CTNG2026020016466883,DATA2026020034944299,A,CTNG2026020.XML,2026-08-20 06:09:02.917,2026-08-20 06:09:12.941,WOS:001690552700001
CTNG2026020016466681,DATA2026020034944018,A,CTNG2026020.XML,2026-08-20 06:09:00.302,2026-08-20 06:09:13.322,WOS:001609857800001
CTNG2026020016466896,DATA2026020034944312,A,CTNG2026020.XML,2026-08-20 06:09:03.238,2026-08-20 06:09:14.202,WOS:001630526100002
CTNG2026020016466711,DATA2026020034944050,A,CTNG2026020.XML,2026-08-20 06:09:00.795,2026-08-20 06:09:14.767,WOS:001460705100001
CTNG2026020016466926,DATA2026020034944401,A,CTNG2026020.XML,2026-08-20 06:09:03.379,2026-08-20 06:09:15.178,WOS:000431464400004
CTNG2026020016466932,DATA2026020034944412,A,CTNG2026020.XML,2026-08-20 06:09:03.639,2026-08-20 06:09:15.524,WOS:001599332600005
CTNG2026020016466944,DATA2026020034944426,A,CTNG2026020.XML,2026-08-20 06:09:03.920,2026-08-20 06:09:15.865,WOS:001636626100018
CTNG2026020016467288,DATA2026020034944929,A,CTNG2026020.XML,2026-08-20 06:09:09.425,2026-08-20 06:10:30.680,WOS:001543083800001
CTNG2026020016467301,DATA2026020034944953,A,CTNG2026020.XML,2026-08-20 06:09:09.821,2026-08-20 06:10:31.503,WOS:001605131000001
CTNG2026020016466823,DATA2026020034944218,A,CTNG2026020.XML,2026-08-20 06:09:02.132,2026-08-20 06:09:09.684,WOS:001636129800001
CTNG2026020016466829,DATA2026020034944224,A,CTNG2026020.XML,2026-08-20 06:09:02.272,2026-08-20 06:09:09.994,WOS:001534601200001
CTNG2026020016466814,DATA2026020034944209,A,CTNG2026020.XML,2026-08-20 06:09:01.976,2026-08-20 06:09:10.227,WOS:001677425800001
CTNG2026020016466819,DATA2026020034944214,A,CTNG2026020.XML,2026-08-20 06:09:02.055,2026-08-20 06:09:10.406,WOS:001646433500003
CTNG2026020016466864,DATA2026020034944280,A,CTNG2026020.XML,2026-08-20 06:09:02.517,2026-08-20 06:09:11.008,WOS:001631484500002
CTNG2026020016466858,DATA2026020034944272,A,CTNG2026020.XML,2026-08-20 06:09:02.470,2026-08-20 06:09:11.121,WOS:001610030200001
CTNG2026020016466831,DATA2026020034944226,A,CTNG2026020.XML,2026-08-20 06:09:02.318,2026-08-20 06:09:11.355,WOS:001625347900001
CTNG2026020016466872,DATA2026020034944288,A,CTNG2026020.XML,2026-08-20 06:09:02.687,2026-08-20 06:09:11.486,WOS:001634889200001
CTNG2026020016466867,DATA2026020034944283,A,CTNG2026020.XML,2026-08-20 06:09:02.589,2026-08-20 06:09:11.707,WOS:001634896600001
CTNG2026020016466826,DATA2026020034944221,A,CTNG2026020.XML,2026-08-20 06:09:02.211,2026-08-20 06:09:10.237,WOS:001643965500001
CTNG2026020016466868,DATA2026020034944284,A,CTNG2026020.XML,2026-08-20 06:09:02.610,2026-08-20 06:09:10.862,WOS:001631723300001
CTNG2026020016466862,DATA2026020034944276,A,CTNG2026020.XML,2026-08-20 06:09:02.503,2026-08-20 06:09:10.883,WOS:001636106400001
CTNG2026020016466699,DATA2026020034944037,A,CTNG2026020.XML,2026-08-20 06:09:00.614,2026-08-20 06:09:11.484,WOS:001707314800002
CTNG2026020016466743,DATA2026020034944120,A,CTNG2026020.XML,2026-08-20 06:09:00.945,2026-08-20 06:09:12.884,WOS:001646867500001
CTNG2026020016466889,DATA2026020034944305,A,CTNG2026020.XML,2026-08-20 06:09:03.046,2026-08-20 06:09:13.733,WOS:001636177000001
CTNG2026020016466925,DATA2026020034944400,A,CTNG2026020.XML,2026-08-20 06:09:03.361,2026-08-20 06:09:14.340,WOS:001628843000001
CTNG2026020016466936,DATA2026020034944418,A,CTNG2026020.XML,2026-08-20 06:09:03.725,2026-08-20 06:09:14.955,WOS:001630628400001
CTNG2026020016466865,DATA2026020034944281,A,CTNG2026020.XML,2026-08-20 06:09:02.535,2026-08-20 06:09:15.015,WOS:001603354800001
CTNG2026020016466881,DATA2026020034944297,A,CTNG2026020.XML,2026-08-20 06:09:02.867,2026-08-20 06:09:15.195,WOS:001392038800001
CTNG2026020016466835,DATA2026020034944235,A,CTNG2026020.XML,2026-08-20 06:09:02.390,2026-08-20 06:09:10.966,WOS:000989937200013
CTNG2026020016466836,DATA2026020034944239,A,CTNG2026020.XML,2026-08-20 06:09:02.418,2026-08-20 06:09:11.618,WOS:001304312700047
CTNG2026020016466869,DATA2026020034944285,A,CTNG2026020.XML,2026-08-20 06:09:02.625,2026-08-20 06:09:11.806,WOS:001638748000001
CTNG2026020016466882,DATA2026020034944298,A,CTNG2026020.XML,2026-08-20 06:09:02.891,2026-08-20 06:09:12.538,WOS:001644288600009
CTNG2026020016466878,DATA2026020034944294,A,CTNG2026020.XML,2026-08-20 06:09:02.799,2026-08-20 06:09:13.300,WOS:001392038800001
CTNG2026020016466892,DATA2026020034944308,A,CTNG2026020.XML,2026-08-20 06:09:03.138,2026-08-20 06:09:13.817,null
CTNG2026020016466894,DATA2026020034944310,A,CTNG2026020.XML,2026-08-20 06:09:03.182,2026-08-20 06:09:14.004,WOS:001443590400001
CTNG2026020016466930,DATA2026020034944410,A,CTNG2026020.XML,2026-08-20 06:09:03.435,2026-08-20 06:09:14.680,WOS:001556791700001
CTNG2026020016466937,DATA2026020034944419,A,CTNG2026020.XML,2026-08-20 06:09:03.759,2026-08-20 06:09:15.469,WOS:001562062200001
CTNG2026020016466871,DATA2026020034944287,A,CTNG2026020.XML,2026-08-20 06:09:02.670,2026-08-20 06:09:12.301,WOS:001634858100001
CTNG2026020016466884,DATA2026020034944300,A,CTNG2026020.XML,2026-08-20 06:09:02.935,2026-08-20 06:09:12.595,WOS:001634934500001
CTNG2026020016466874,DATA2026020034944290,A,CTNG2026020.XML,2026-08-20 06:09:02.726,2026-08-20 06:09:12.719,WOS:001634149800001
CTNG2026020016466880,DATA2026020034944296,A,CTNG2026020.XML,2026-08-20 06:09:02.834,2026-08-20 06:09:13.448,WOS:001610112000001
CTNG2026020016466888,DATA2026020034944304,A,CTNG2026020.XML,2026-08-20 06:09:03.031,2026-08-20 06:09:13.572,WOS:001634926800001
CTNG2026020016466885,DATA2026020034944301,A,CTNG2026020.XML,2026-08-20 06:09:02.957,2026-08-20 06:09:13.831,WOS:001634234800001
CTNG2026020016466893,DATA2026020034944309,A,CTNG2026020.XML,2026-08-20 06:09:03.158,2026-08-20 06:09:13.963,WOS:001641320300002
CTNG2026020016466924,DATA2026020034944393,A,CTNG2026020.XML,2026-08-20 06:09:03.343,2026-08-20 06:09:14.532,WOS:001634556500001
CTNG2026020016466905,DATA2026020034944340,A,CTNG2026020.XML,2026-08-20 06:09:03.322,2026-08-20 06:09:14.655,WOS:001699582700004
CTNG2026020016466897,DATA2026020034944313,A,CTNG2026020.XML,2026-08-20 06:09:03.268,2026-08-20 06:09:14.958,WOS:001636246700001
CTNG2026020016466890,DATA2026020034944306,A,CTNG2026020.XML,2026-08-20 06:09:03.071,2026-08-20 06:09:15.058,WOS:001636246400002
CTNG2026020016466935,DATA2026020034944417,A,CTNG2026020.XML,2026-08-20 06:09:03.707,2026-08-20 06:09:15.519,WOS:001636900300001
CTNG2026020016466942,DATA2026020034944424,A,CTNG2026020.XML,2026-08-20 06:09:03.879,2026-08-20 06:09:15.645,WOS:001634149800002
CTNG2026020016466899,DATA2026020034944319,A,CTNG2026020.XML,2026-08-20 06:09:03.288,2026-08-20 06:09:14.852,WOS:001576606900001
CTNG2026020016466941,DATA2026020034944423,A,CTNG2026020.XML,2026-08-20 06:09:03.851,2026-08-20 06:09:26.630,WOS:001649805800001
CTNG2026020016466950,DATA2026020034944432,A,CTNG2026020.XML,2026-08-20 06:09:04.036,2026-08-20 06:09:27.650,WOS:001634241000001
CTNG2026020016466886,DATA2026020034944302,A,CTNG2026020.XML,2026-08-20 06:09:02.977,2026-08-20 06:09:15.069,WOS:001641112300001
CTNG2026020016466929,DATA2026020034944408,A,CTNG2026020.XML,2026-08-20 06:09:03.417,2026-08-20 06:09:16.181,WOS:000482004000009
CTNG2026020016466955,DATA2026020034944437,A,CTNG2026020.XML,2026-08-20 06:09:04.149,2026-08-20 06:09:17.320,WOS:001559793500006
CTNG2026020016466953,DATA2026020034944435,A,CTNG2026020.XML,2026-08-20 06:09:04.092,2026-08-20 06:09:16.171,WOS:001636155500001
CTNG2026020016466945,DATA2026020034944427,A,CTNG2026020.XML,2026-08-20 06:09:03.937,2026-08-20 06:09:16.421,WOS:001631771200002
CTNG2026020016466951,DATA2026020034944433,A,CTNG2026020.XML,2026-08-20 06:09:04.051,2026-08-20 06:09:17.539,WOS:001630264000002
CTNG2026020016467758,DATA2026020034945611,A,CTNG2026020.XML,2026-08-20 06:09:16.229,2026-08-20 06:10:40.386,WOS:001593813800001
CTNG2026020016467765,DATA2026020034945626,A,CTNG2026020.XML,2026-08-20 06:09:16.346,2026-08-20 06:10:40.885,WOS:001582814400001
CTNG2026020016466938,DATA2026020034944420,A,CTNG2026020.XML,2026-08-20 06:09:03.786,2026-08-20 06:09:16.625,WOS:001635963400001
CTNG2026020016466946,DATA2026020034944428,A,CTNG2026020.XML,2026-08-20 06:09:03.965,2026-08-20 06:09:16.672,WOS:001636090400001
CTNG2026020016466949,DATA2026020034944431,A,CTNG2026020.XML,2026-08-20 06:09:04.022,2026-08-20 06:09:16.814,WOS:001631582500001
CTNG2026020016466957,DATA2026020034944439,A,CTNG2026020.XML,2026-08-20 06:09:04.200,2026-08-20 06:09:17.268,WOS:001628918200001
CTNG2026020016466961,DATA2026020034944443,A,CTNG2026020.XML,2026-08-20 06:09:04.294,2026-08-20 06:09:17.454,WOS:001632226800001
CTNG2026020016467812,DATA2026020034945695,A,CTNG2026020.XML,2026-08-20 06:09:17.274,2026-08-20 06:10:09.869,WOS:001586629400019
CTNG2026020016466947,DATA2026020034944429,A,CTNG2026020.XML,2026-08-20 06:09:03.982,2026-08-20 06:09:17.272,WOS:001359325700001
CTNG2026020016466960,DATA2026020034944442,A,CTNG2026020.XML,2026-08-20 06:09:04.277,2026-08-20 06:09:17.590,WOS:001514259800001
CTNG2026020016466948,DATA2026020034944430,A,CTNG2026020.XML,2026-08-20 06:09:04.002,2026-08-20 06:09:17.526,WOS:001611275300001
CTNG2026020016466952,DATA2026020034944434,A,CTNG2026020.XML,2026-08-20 06:09:04.070,2026-08-20 06:09:17.751,WOS:001620783400001
CTNG2026020016466680,DATA2026020034944017,A,CTNG2026020.XML,2026-08-20 06:09:00.283,2026-08-20 06:09:18.240,WOS:001651032800004
CTNG2026020016466998,DATA2026020034944524,A,CTNG2026020.XML,2026-08-20 06:09:04.657,2026-08-20 06:09:18.248,WOS:001563167100001
CTNG2026020016466962,DATA2026020034944444,A,CTNG2026020.XML,2026-08-20 06:09:04.315,2026-08-20 06:09:18.469,WOS:001658013200002
CTNG2026020016466979,DATA2026020034944480,A,CTNG2026020.XML,2026-08-20 06:09:04.531,2026-08-20 06:09:18.516,WOS:001645779600002
CTNG2026020016466959,DATA2026020034944441,A,CTNG2026020.XML,2026-08-20 06:09:04.259,2026-08-20 06:09:18.523,WOS:001629011700001
CTNG2026020016466982,DATA2026020034944487,A,CTNG2026020.XML,2026-08-20 06:09:04.597,2026-08-20 06:09:18.638,WOS:001657067900005
CTNG2026020016467006,DATA2026020034944535,A,CTNG2026020.XML,2026-08-20 06:09:04.818,2026-08-20 06:09:20.273,WOS:001627854600042
CTNG2026020016466958,DATA2026020034944440,A,CTNG2026020.XML,2026-08-20 06:09:04.237,2026-08-20 06:09:21.270,WOS:001634207100001
CTNG2026020016467016,DATA2026020034944545,A,CTNG2026020.XML,2026-08-20 06:09:05.071,2026-08-20 06:09:21.312,WOS:001281971000001
CTNG2026020016466976,DATA2026020034944476,A,CTNG2026020.XML,2026-08-20 06:09:04.509,2026-08-20 06:09:21.399,WOS:001637750100001
CTNG2026020016467029,DATA2026020034944559,A,CTNG2026020.XML,2026-08-20 06:09:05.528,2026-08-20 06:09:22.113,WOS:001628975000001
CTNG2026020016467041,DATA2026020034944571,A,CTNG2026020.XML,2026-08-20 06:09:05.768,2026-08-20 06:09:22.225,WOS:001626587200005
CTNG2026020016466988,DATA2026020034944502,A,CTNG2026020.XML,2026-08-20 06:09:04.620,2026-08-20 06:09:18.696,WOS:001687351200001
CTNG2026020016466996,DATA2026020034944516,A,CTNG2026020.XML,2026-08-20 06:09:04.640,2026-08-20 06:09:18.909,WOS:001606199000001
CTNG2026020016467001,DATA2026020034944529,A,CTNG2026020.XML,2026-08-20 06:09:04.700,2026-08-20 06:09:19.533,WOS:001605955300001
CTNG2026020016467008,DATA2026020034944537,A,CTNG2026020.XML,2026-08-20 06:09:04.874,2026-08-20 06:09:20.016,WOS:001630918200007
CTNG2026020016466975,DATA2026020034944474,A,CTNG2026020.XML,2026-08-20 06:09:04.343,2026-08-20 06:09:18.883,WOS:001637750100001
CTNG2026020016467004,DATA2026020034944533,A,CTNG2026020.XML,2026-08-20 06:09:04.764,2026-08-20 06:09:19.263,WOS:001624124900001
CTNG2026020016467011,DATA2026020034944540,A,CTNG2026020.XML,2026-08-20 06:09:04.953,2026-08-20 06:09:20.374,WOS:001562684100001
CTNG2026020016467007,DATA2026020034944536,A,CTNG2026020.XML,2026-08-20 06:09:04.850,2026-08-20 06:09:19.355,WOS:001587387500001
CTNG2026020016467003,DATA2026020034944532,A,CTNG2026020.XML,2026-08-20 06:09:04.739,2026-08-20 06:09:19.374,WOS:001355215100001
CTNG2026020016467009,DATA2026020034944538,A,CTNG2026020.XML,2026-08-20 06:09:04.900,2026-08-20 06:09:20.192,WOS:001572758900001
CTNG2026020016466683,DATA2026020034944021,A,CTNG2026020.XML,2026-08-20 06:09:00.343,2026-08-20 06:09:20.206,WOS:001702834100003
CTNG2026020016467013,DATA2026020034944542,A,CTNG2026020.XML,2026-08-20 06:09:04.992,2026-08-20 06:09:20.355,WOS:001562684100001
CTNG2026020016467022,DATA2026020034944551,A,CTNG2026020.XML,2026-08-20 06:09:05.352,2026-08-20 06:09:21.541,WOS:001626608200001
CTNG2026020016467030,DATA2026020034944560,A,CTNG2026020.XML,2026-08-20 06:09:05.552,2026-08-20 06:09:21.699,WOS:001626608200001
CTNG2026020016467017,DATA2026020034944546,A,CTNG2026020.XML,2026-08-20 06:09:05.192,2026-08-20 06:09:20.466,WOS:001504614600001
CTNG2026020016467019,DATA2026020034944548,A,CTNG2026020.XML,2026-08-20 06:09:05.274,2026-08-20 06:09:20.512,WOS:001588287700001
CTNG2026020016467002,DATA2026020034944531,A,CTNG2026020.XML,2026-08-20 06:09:04.718,2026-08-20 06:09:20.480,WOS:001504614600001
CTNG2026020016467020,DATA2026020034944549,A,CTNG2026020.XML,2026-08-20 06:09:05.298,2026-08-20 06:09:20.886,WOS:001596307700001
CTNG2026020016467031,DATA2026020034944561,A,CTNG2026020.XML,2026-08-20 06:09:05.572,2026-08-20 06:09:21.955,WOS:001623397300001
CTNG2026020016467039,DATA2026020034944569,A,CTNG2026020.XML,2026-08-20 06:09:05.729,2026-08-20 06:09:22.226,WOS:001626587200005
CTNG2026020016467014,DATA2026020034944543,A,CTNG2026020.XML,2026-08-20 06:09:05.017,2026-08-20 06:09:20.677,WOS:001629057700003
CTNG2026020016467010,DATA2026020034944539,A,CTNG2026020.XML,2026-08-20 06:09:04.930,2026-08-20 06:09:20.739,WOS:001547412200001
CTNG2026020016467012,DATA2026020034944541,A,CTNG2026020.XML,2026-08-20 06:09:04.972,2026-08-20 06:09:20.753,WOS:001626344700006
CTNG2026020016467025,DATA2026020034944554,A,CTNG2026020.XML,2026-08-20 06:09:05.442,2026-08-20 06:09:21.287,WOS:001369372800001
CTNG2026020016467028,DATA2026020034944558,A,CTNG2026020.XML,2026-08-20 06:09:05.511,2026-08-20 06:09:21.804,WOS:001627619300003
CTNG2026020016467021,DATA2026020034944550,A,CTNG2026020.XML,2026-08-20 06:09:05.330,2026-08-20 06:09:21.609,WOS:001632853800001
CTNG2026020016467036,DATA2026020034944566,A,CTNG2026020.XML,2026-08-20 06:09:05.674,2026-08-20 06:09:23.101,WOS:001621512200001
CTNG2026020016467047,DATA2026020034944577,A,CTNG2026020.XML,2026-08-20 06:09:05.906,2026-08-20 06:09:25.106,WOS:001639643300001
CTNG2026020016467097,DATA2026020034944664,A,CTNG2026020.XML,2026-08-20 06:09:06.467,2026-08-20 06:09:26.585,WOS:001630965800017
CTNG2026020016467107,DATA2026020034944674,A,CTNG2026020.XML,2026-08-20 06:09:06.649,2026-08-20 06:09:26.960,WOS:001620953700029
CTNG2026020016467034,DATA2026020034944564,A,CTNG2026020.XML,2026-08-20 06:09:05.632,2026-08-20 06:09:21.957,WOS:001628481100001
CTNG2026020016467042,DATA2026020034944572,A,CTNG2026020.XML,2026-08-20 06:09:05.787,2026-08-20 06:09:22.267,null
CTNG2026020016467023,DATA2026020034944552,A,CTNG2026020.XML,2026-08-20 06:09:05.389,2026-08-20 06:09:22.578,WOS:001627610000003
CTNG2026020016467018,DATA2026020034944547,A,CTNG2026020.XML,2026-08-20 06:09:05.235,2026-08-20 06:09:21.959,WOS:001623397300001
CTNG2026020016467024,DATA2026020034944553,A,CTNG2026020.XML,2026-08-20 06:09:05.421,2026-08-20 06:09:22.175,WOS:001607977200001
CTNG2026020016467040,DATA2026020034944570,A,CTNG2026020.XML,2026-08-20 06:09:05.751,2026-08-20 06:09:22.345,WOS:001626608200001
CTNG2026020016467044,DATA2026020034944574,A,CTNG2026020.XML,2026-08-20 06:09:05.835,2026-08-20 06:09:23.161,WOS:001348438900001
CTNG2026020016467033,DATA2026020034944563,A,CTNG2026020.XML,2026-08-20 06:09:05.617,2026-08-20 06:09:23.182,WOS:001361917300001
CTNG2026020016467046,DATA2026020034944576,A,CTNG2026020.XML,2026-08-20 06:09:05.891,2026-08-20 06:09:22.505,WOS:001614142000001
CTNG2026020016467048,DATA2026020034944578,A,CTNG2026020.XML,2026-08-20 06:09:05.931,2026-08-20 06:09:22.645,WOS:001369372800001
CTNG2026020016467092,DATA2026020034944657,A,CTNG2026020.XML,2026-08-20 06:09:06.197,2026-08-20 06:09:23.536,WOS:001625366300043
CTNG2026020016467056,DATA2026020034944592,A,CTNG2026020.XML,2026-08-20 06:09:05.964,2026-08-20 06:09:24.288,WOS:001617389400001
CTNG2026020016467094,DATA2026020034944661,A,CTNG2026020.XML,2026-08-20 06:09:06.229,2026-08-20 06:09:24.589,WOS:001646459900001
CTNG2026020016467099,DATA2026020034944666,A,CTNG2026020.XML,2026-08-20 06:09:06.518,2026-08-20 06:09:25.411,WOS:001646458600001
CTNG2026020016467102,DATA2026020034944669,A,CTNG2026020.XML,2026-08-20 06:09:06.568,2026-08-20 06:09:25.904,WOS:001364039600001
CTNG2026020016467043,DATA2026020034944573,A,CTNG2026020.XML,2026-08-20 06:09:05.803,2026-08-20 06:09:23.030,WOS:001611279500001
CTNG2026020016467045,DATA2026020034944575,A,CTNG2026020.XML,2026-08-20 06:09:05.859,2026-08-20 06:09:23.071,WOS:001625825300001
CTNG2026020016467081,DATA2026020034944638,A,CTNG2026020.XML,2026-08-20 06:09:06.086,2026-08-20 06:09:24.385,WOS:001369332100001
CTNG2026020016467096,DATA2026020034944663,A,CTNG2026020.XML,2026-08-20 06:09:06.447,2026-08-20 06:09:24.866,WOS:001621842900001
CTNG2026020016467093,DATA2026020034944660,A,CTNG2026020.XML,2026-08-20 06:09:06.214,2026-08-20 06:09:24.986,WOS:001418648300001
CTNG2026020016467084,DATA2026020034944642,A,CTNG2026020.XML,2026-08-20 06:09:06.145,2026-08-20 06:09:25.061,WOS:001620530800025
CTNG2026020016467111,DATA2026020034944678,A,CTNG2026020.XML,2026-08-20 06:09:06.726,2026-08-20 06:09:25.069,WOS:001618151500001
CTNG2026020016467038,DATA2026020034944568,A,CTNG2026020.XML,2026-08-20 06:09:05.715,2026-08-20 06:09:23.103,WOS:001624680600001
CTNG2026020016467027,DATA2026020034944557,A,CTNG2026020.XML,2026-08-20 06:09:05.490,2026-08-20 06:09:23.351,WOS:001378906400001
CTNG2026020016467059,DATA2026020034944595,A,CTNG2026020.XML,2026-08-20 06:09:05.999,2026-08-20 06:09:23.829,WOS:001650885800001
CTNG2026020016466767,DATA2026020034944144,A,CTNG2026020.XML,2026-08-20 06:09:01.337,2026-08-20 06:09:24.042,WOS:001629742100002
CTNG2026020016467049,DATA2026020034944579,A,CTNG2026020.XML,2026-08-20 06:09:05.949,2026-08-20 06:09:24.057,WOS:001568661400001
CTNG2026020016467037,DATA2026020034944567,A,CTNG2026020.XML,2026-08-20 06:09:05.695,2026-08-20 06:09:24.072,WOS:001596177400001
CTNG2026020016467070,DATA2026020034944617,A,CTNG2026020.XML,2026-08-20 06:09:06.046,2026-08-20 06:09:24.490,WOS:001620578700002
CTNG2026020016467032,DATA2026020034944562,A,CTNG2026020.XML,2026-08-20 06:09:05.589,2026-08-20 06:09:24.976,WOS:001628597100004
CTNG2026020016466787,DATA2026020034944169,A,CTNG2026020.XML,2026-08-20 06:09:01.624,2026-08-20 06:09:25.017,WOS:001672232800001
CTNG2026020016467098,DATA2026020034944665,A,CTNG2026020.XML,2026-08-20 06:09:06.499,2026-08-20 06:09:25.058,WOS:001618151500001
CTNG2026020016467069,DATA2026020034944614,A,CTNG2026020.XML,2026-08-20 06:09:06.015,2026-08-20 06:09:23.961,WOS:001625461000015
CTNG2026020016467057,DATA2026020034944593,A,CTNG2026020.XML,2026-08-20 06:09:05.983,2026-08-20 06:09:24.023,WOS:000910983000001
CTNG2026020016467080,DATA2026020034944637,A,CTNG2026020.XML,2026-08-20 06:09:06.068,2026-08-20 06:09:24.279,WOS:001627852900006
CTNG2026020016467100,DATA2026020034944667,A,CTNG2026020.XML,2026-08-20 06:09:06.539,2026-08-20 06:09:24.881,WOS:001608528600001
CTNG2026020016467103,DATA2026020034944670,A,CTNG2026020.XML,2026-08-20 06:09:06.586,2026-08-20 06:09:25.051,WOS:001620530800025
CTNG2026020016467085,DATA2026020034944643,A,CTNG2026020.XML,2026-08-20 06:09:06.181,2026-08-20 06:09:25.962,WOS:001635158200002
CTNG2026020016467082,DATA2026020034944639,A,CTNG2026020.XML,2026-08-20 06:09:06.105,2026-08-20 06:09:25.157,WOS:000867852700001
CTNG2026020016467105,DATA2026020034944672,A,CTNG2026020.XML,2026-08-20 06:09:06.616,2026-08-20 06:09:26.394,WOS:001618773500001
CTNG2026020016467106,DATA2026020034944673,A,CTNG2026020.XML,2026-08-20 06:09:06.630,2026-08-20 06:09:25.411,WOS:001646458600001
CTNG2026020016467095,DATA2026020034944662,A,CTNG2026020.XML,2026-08-20 06:09:06.414,2026-08-20 06:09:25.992,WOS:001605240300001
CTNG2026020016467108,DATA2026020034944675,A,CTNG2026020.XML,2026-08-20 06:09:06.665,2026-08-20 06:09:26.046,WOS:001619224100001
CTNG2026020016467114,DATA2026020034944681,A,CTNG2026020.XML,2026-08-20 06:09:06.775,2026-08-20 06:09:26.612,WOS:001622643500029
CTNG2026020016467112,DATA2026020034944679,A,CTNG2026020.XML,2026-08-20 06:09:06.744,2026-08-20 06:09:26.671,WOS:001619923100003
CTNG2026020016467118,DATA2026020034944685,A,CTNG2026020.XML,2026-08-20 06:09:06.849,2026-08-20 06:09:26.671,WOS:001627539700001
CTNG2026020016467122,DATA2026020034944689,A,CTNG2026020.XML,2026-08-20 06:09:06.938,2026-08-20 06:09:27.687,WOS:001616387000001
CTNG2026020016467131,DATA2026020034944702,A,CTNG2026020.XML,2026-08-20 06:09:07.006,2026-08-20 06:09:27.923,WOS:001490013800001
CTNG2026020016467104,DATA2026020034944671,A,CTNG2026020.XML,2026-08-20 06:09:06.600,2026-08-20 06:09:26.685,WOS:001618147100001
CTNG2026020016467101,DATA2026020034944668,A,CTNG2026020.XML,2026-08-20 06:09:06.554,2026-08-20 06:09:26.910,WOS:001618596500001
CTNG2026020016467109,DATA2026020034944676,A,CTNG2026020.XML,2026-08-20 06:09:06.695,2026-08-20 06:09:26.713,WOS:001630085400020
CTNG2026020016467113,DATA2026020034944680,A,CTNG2026020.XML,2026-08-20 06:09:06.760,2026-08-20 06:09:26.810,WOS:001623191700001
CTNG2026020016467115,DATA2026020034944682,A,CTNG2026020.XML,2026-08-20 06:09:06.793,2026-08-20 06:09:26.713,WOS:001613124500002
CTNG2026020016467110,DATA2026020034944677,A,CTNG2026020.XML,2026-08-20 06:09:06.711,2026-08-20 06:09:26.727,WOS:001630085400020
CTNG2026020016466651,DATA2026020034943978,A,CTNG2026020.XML,2026-08-20 06:08:59.800,2026-08-20 06:09:27.401,WOS:001640358100001
CTNG2026020016467119,DATA2026020034944686,A,CTNG2026020.XML,2026-08-20 06:09:06.865,2026-08-20 06:09:27.624,WOS:001619981700003
CTNG2026020016467124,DATA2026020034944691,A,CTNG2026020.XML,2026-08-20 06:09:06.976,2026-08-20 06:09:26.953,WOS:001685134000001
CTNG2026020016467120,DATA2026020034944687,A,CTNG2026020.XML,2026-08-20 06:09:06.895,2026-08-20 06:09:27.193,WOS:001618151500001
CTNG2026020016467123,DATA2026020034944690,A,CTNG2026020.XML,2026-08-20 06:09:06.956,2026-08-20 06:09:27.509,WOS:001692286100036
CTNG2026020016467121,DATA2026020034944688,A,CTNG2026020.XML,2026-08-20 06:09:06.921,2026-08-20 06:09:27.501,WOS:001623567800001
CTNG2026020016467145,DATA2026020034944718,A,CTNG2026020.XML,2026-08-20 06:09:07.054,2026-08-20 06:09:27.800,WOS:001583349700005
CTNG2026020016467143,DATA2026020034944714,A,CTNG2026020.XML,2026-08-20 06:09:07.020,2026-08-20 06:09:27.628,WOS:000997551300001
CTNG2026020016467125,DATA2026020034944692,A,CTNG2026020.XML,2026-08-20 06:09:06.993,2026-08-20 06:09:27.643,WOS:001627777400001
CTNG2026020016467144,DATA2026020034944716,A,CTNG2026020.XML,2026-08-20 06:09:07.034,2026-08-20 06:09:27.687,WOS:001479816900001
CTNG2026020016467153,DATA2026020034944732,A,CTNG2026020.XML,2026-08-20 06:09:07.157,2026-08-20 06:09:28.624,WOS:001620771600002
CTNG2026020016466900,DATA2026020034944322,A,CTNG2026020.XML,2026-08-20 06:09:03.300,2026-08-20 06:09:27.711,WOS:001556402600001
CTNG2026020016467147,DATA2026020034944723,A,CTNG2026020.XML,2026-08-20 06:09:07.085,2026-08-20 06:09:27.813,WOS:000466979400059
CTNG2026020016467174,DATA2026020034944767,A,CTNG2026020.XML,2026-08-20 06:09:07.340,2026-08-20 06:09:29.220,WOS:001682996900001
CTNG2026020016467117,DATA2026020034944684,A,CTNG2026020.XML,2026-08-20 06:09:06.830,2026-08-20 06:09:27.984,WOS:001622546100001
CTNG2026020016467173,DATA2026020034944764,A,CTNG2026020.XML,2026-08-20 06:09:07.325,2026-08-20 06:09:28.399,WOS:001621207300001
CTNG2026020016467172,DATA2026020034944763,A,CTNG2026020.XML,2026-08-20 06:09:07.303,2026-08-20 06:09:28.402,WOS:001621207300001
CTNG2026020016467170,DATA2026020034944759,A,CTNG2026020.XML,2026-08-20 06:09:07.284,2026-08-20 06:09:28.557,WOS:001615774400001
CTNG2026020016467162,DATA2026020034944749,A,CTNG2026020.XML,2026-08-20 06:09:07.258,2026-08-20 06:09:28.771,WOS:001640835900001
CTNG2026020016467159,DATA2026020034944746,A,CTNG2026020.XML,2026-08-20 06:09:07.240,2026-08-20 06:09:28.588,WOS:001534593600001
CTNG2026020016467158,DATA2026020034944745,A,CTNG2026020.XML,2026-08-20 06:09:07.213,2026-08-20 06:09:28.618,WOS:001534593600001
CTNG2026020016467152,DATA2026020034944731,A,CTNG2026020.XML,2026-08-20 06:09:07.140,2026-08-20 06:09:28.677,WOS:000348771400032
CTNG2026020016467186,DATA2026020034944784,A,CTNG2026020.XML,2026-08-20 06:09:07.536,2026-08-20 06:09:29.739,WOS:001630966300001
CTNG2026020016467200,DATA2026020034944798,A,CTNG2026020.XML,2026-08-20 06:09:07.865,2026-08-20 06:09:30.405,WOS:001612747800001
CTNG2026020016467261,DATA2026020034944902,A,CTNG2026020.XML,2026-08-20 06:09:08.639,2026-08-20 06:10:12.031,WOS:001817053900002
CTNG2026020016466701,DATA2026020034944039,A,CTNG2026020.XML,2026-08-20 06:09:00.647,2026-08-20 06:09:28.696,WOS:001692415300016
CTNG2026020016467157,DATA2026020034944742,A,CTNG2026020.XML,2026-08-20 06:09:07.192,2026-08-20 06:09:29.227,WOS:001099323900007
CTNG2026020016466763,DATA2026020034944140,A,CTNG2026020.XML,2026-08-20 06:09:01.263,2026-08-20 06:09:29.503,WOS:001646318200001
CTNG2026020016467175,DATA2026020034944768,A,CTNG2026020.XML,2026-08-20 06:09:07.364,2026-08-20 06:09:28.876,WOS:001576250700018
CTNG2026020016467148,DATA2026020034944724,A,CTNG2026020.XML,2026-08-20 06:09:07.102,2026-08-20 06:09:29.124,WOS:000397695600001
CTNG2026020016466943,DATA2026020034944425,A,CTNG2026020.XML,2026-08-20 06:09:03.901,2026-08-20 06:09:29.175,WOS:001609663900001
CTNG2026020016467156,DATA2026020034944741,A,CTNG2026020.XML,2026-08-20 06:09:07.178,2026-08-20 06:09:28.975,WOS:001492037900001
CTNG2026020016467184,DATA2026020034944782,A,CTNG2026020.XML,2026-08-20 06:09:07.492,2026-08-20 06:09:29.939,WOS:001745040700003
CTNG2026020016467151,DATA2026020034944729,A,CTNG2026020.XML,2026-08-20 06:09:07.121,2026-08-20 06:09:29.286,WOS:001432194700001
CTNG2026020016467192,DATA2026020034944790,A,CTNG2026020.XML,2026-08-20 06:09:07.700,2026-08-20 06:09:29.515,WOS:001612711900001
CTNG2026020016467197,DATA2026020034944795,A,CTNG2026020.XML,2026-08-20 06:09:07.797,2026-08-20 06:09:30.033,WOS:001563958300001
CTNG2026020016467187,DATA2026020034944785,A,CTNG2026020.XML,2026-08-20 06:09:07.562,2026-08-20 06:09:30.391,WOS:001617860800032
CTNG2026020016467221,DATA2026020034944831,A,CTNG2026020.XML,2026-08-20 06:09:08.208,2026-08-20 06:09:31.167,WOS:001641019900001
CTNG2026020016466664,DATA2026020034943998,A,CTNG2026020.XML,2026-08-20 06:08:59.971,2026-08-20 06:09:29.382,WOS:001331606200001
CTNG2026020016466755,DATA2026020034944132,A,CTNG2026020.XML,2026-08-20 06:09:01.128,2026-08-20 06:09:30.461,WOS:001646749400001
CTNG2026020016467215,DATA2026020034944818,A,CTNG2026020.XML,2026-08-20 06:09:08.140,2026-08-20 06:09:31.219,WOS:001482767200001
CTNG2026020016467193,DATA2026020034944791,A,CTNG2026020.XML,2026-08-20 06:09:07.718,2026-08-20 06:09:29.441,WOS:001612657100002
CTNG2026020016467177,DATA2026020034944773,A,CTNG2026020.XML,2026-08-20 06:09:07.408,2026-08-20 06:09:29.629,WOS:001613975600001
CTNG2026020016467202,DATA2026020034944800,A,CTNG2026020.XML,2026-08-20 06:09:07.898,2026-08-20 06:09:29.924,WOS:001617389400001
CTNG2026020016467190,DATA2026020034944788,A,CTNG2026020.XML,2026-08-20 06:09:07.652,2026-08-20 06:09:29.978,WOS:001614199700002
CTNG2026020016467228,DATA2026020034944846,A,CTNG2026020.XML,2026-08-20 06:09:08.241,2026-08-20 06:09:30.663,WOS:001622367900001
CTNG2026020016467195,DATA2026020034944793,A,CTNG2026020.XML,2026-08-20 06:09:07.756,2026-08-20 06:09:30.671,WOS:001612730300001
CTNG2026020016467196,DATA2026020034944794,A,CTNG2026020.XML,2026-08-20 06:09:07.776,2026-08-20 06:09:31.052,WOS:001612408400001
CTNG2026020016467194,DATA2026020034944792,A,CTNG2026020.XML,2026-08-20 06:09:07.734,2026-08-20 06:09:29.631,WOS:001609824000002
CTNG2026020016467189,DATA2026020034944787,A,CTNG2026020.XML,2026-08-20 06:09:07.613,2026-08-20 06:09:30.021,WOS:001604941100001
CTNG2026020016467179,DATA2025191034339587,A,CTNG2026020.XML,2026-08-20 06:09:07.438,2026-08-20 06:09:30.360,WOS:001620952400016
CTNG2026020016467203,DATA2026020034944801,A,CTNG2026020.XML,2026-08-20 06:09:07.916,2026-08-20 06:09:30.665,WOS:001615187600001
CTNG2026020016467229,DATA2026020034944848,A,CTNG2026020.XML,2026-08-20 06:09:08.269,2026-08-20 06:09:30.872,null
CTNG2026020016467209,DATA2026020034944812,A,CTNG2026020.XML,2026-08-20 06:09:07.989,2026-08-20 06:09:31.148,WOS:001571980100001
CTNG2026020016467207,DATA2026020034944810,A,CTNG2026020.XML,2026-08-20 06:09:07.961,2026-08-20 06:09:31.297,WOS:001619462800001
CTNG2026020016467266,DATA2026020034944907,A,CTNG2026020.XML,2026-08-20 06:09:08.754,2026-08-20 06:09:31.700,WOS:001611467400002
CTNG2026020016467259,DATA2026020034944900,A,CTNG2026020.XML,2026-08-20 06:09:08.589,2026-08-20 06:09:32.276,WOS:001587961300001
CTNG2026020016466781,DATA2026020034944159,A,CTNG2026020.XML,2026-08-20 06:09:01.588,2026-08-20 06:09:29.648,WOS:001636700700001
CTNG2026020016467188,DATA2026020034944786,A,CTNG2026020.XML,2026-08-20 06:09:07.591,2026-08-20 06:09:29.806,WOS:001601182800001
CTNG2026020016467176,DATA2026020034944769,A,CTNG2026020.XML,2026-08-20 06:09:07.393,2026-08-20 06:09:29.927,WOS:001669175600006
CTNG2026020016467183,DATA2026020034944781,A,CTNG2026020.XML,2026-08-20 06:09:07.461,2026-08-20 06:09:29.950,WOS:001745040700003
CTNG2026020016467220,DATA2026020034944830,A,CTNG2026020.XML,2026-08-20 06:09:08.189,2026-08-20 06:09:30.453,WOS:001691937600001
CTNG2026020016467231,DATA2026020034944850,A,CTNG2026020.XML,2026-08-20 06:09:08.300,2026-08-20 06:09:30.655,null
CTNG2026020016467199,DATA2026020034944797,A,CTNG2026020.XML,2026-08-20 06:09:07.836,2026-08-20 06:09:30.836,WOS:001612401200001
CTNG2026020016467185,DATA2026020034944783,A,CTNG2026020.XML,2026-08-20 06:09:07.513,2026-08-20 06:09:29.991,WOS:001614514500001
CTNG2026020016467211,DATA2026020034944814,A,CTNG2026020.XML,2026-08-20 06:09:08.089,2026-08-20 06:09:30.658,WOS:001437100400001
CTNG2026020016467198,DATA2026020034944796,A,CTNG2026020.XML,2026-08-20 06:09:07.819,2026-08-20 06:09:30.852,WOS:001615981100001
CTNG2026020016467205,DATA2026020034944808,A,CTNG2026020.XML,2026-08-20 06:09:07.936,2026-08-20 06:09:31.196,WOS:001443130100001
CTNG2026020016467235,DATA2026020034944867,A,CTNG2026020.XML,2026-08-20 06:09:08.342,2026-08-20 06:09:31.829,WOS:001486133900002
CTNG2026020016467241,DATA2026020034944875,A,CTNG2026020.XML,2026-08-20 06:09:08.419,2026-08-20 06:09:32.184,WOS:001607895300015
CTNG2026020016467268,DATA2026020034944909,A,CTNG2026020.XML,2026-08-20 06:09:08.802,2026-08-20 06:09:32.259,WOS:001615457100001
CTNG2026020016467282,DATA2026020034944923,A,CTNG2026020.XML,2026-08-20 06:09:09.226,2026-08-20 06:09:33.145,WOS:001605598400001
CTNG2026020016467216,DATA2026020034944819,A,CTNG2026020.XML,2026-08-20 06:09:08.159,2026-08-20 06:09:31.251,WOS:001620081900001
CTNG2026020016467249,DATA2026020034944888,A,CTNG2026020.XML,2026-08-20 06:09:08.475,2026-08-20 06:09:32.048,WOS:001582710600001
CTNG2026020016467272,DATA2026020034944913,A,CTNG2026020.XML,2026-08-20 06:09:08.916,2026-08-20 06:09:33.004,WOS:001817053900002
CTNG2026020016467236,DATA2026020034944868,A,CTNG2026020.XML,2026-08-20 06:09:08.365,2026-08-20 06:09:33.151,WOS:001556245700001
CTNG2026020016467191,DATA2026020034944789,A,CTNG2026020.XML,2026-08-20 06:09:07.672,2026-08-20 06:09:31.551,WOS:001745040700009
CTNG2026020016467256,DATA2026020034944897,A,CTNG2026020.XML,2026-08-20 06:09:08.517,2026-08-20 06:09:31.770,WOS:001599160000001
CTNG2026020016467263,DATA2026020034944904,A,CTNG2026020.XML,2026-08-20 06:09:08.686,2026-08-20 06:09:31.980,WOS:001611249100001
CTNG2026020016467210,DATA2026020034944813,A,CTNG2026020.XML,2026-08-20 06:09:08.059,2026-08-20 06:09:32.542,WOS:001468859500001
CTNG2026020016467276,DATA2026020034944917,A,CTNG2026020.XML,2026-08-20 06:09:09.012,2026-08-20 06:09:33.170,WOS:001605598400001
CTNG2026020016467262,DATA2026020034944903,A,CTNG2026020.XML,2026-08-20 06:09:08.663,2026-08-20 06:09:31.996,WOS:001611249100001
CTNG2026020016466669,DATA2026020034944006,A,CTNG2026020.XML,2026-08-20 06:09:00.071,2026-08-20 06:09:32.321,WOS:001644299100001
CTNG2026020016467214,DATA2026020034944817,A,CTNG2026020.XML,2026-08-20 06:09:08.119,2026-08-20 06:09:32.122,WOS:001611550700002
CTNG2026020016467258,DATA2026020034944899,A,CTNG2026020.XML,2026-08-20 06:09:08.570,2026-08-20 06:09:32.231,WOS:001615457100001
CTNG2026020016467274,DATA2026020034944915,A,CTNG2026020.XML,2026-08-20 06:09:08.969,2026-08-20 06:09:33.140,WOS:001605598400001
CTNG2026020016467260,DATA2026020034944901,A,CTNG2026020.XML,2026-08-20 06:09:08.617,2026-08-20 06:09:33.556,WOS:001614001500037
CTNG2026020016466704,DATA2026020034944042,A,CTNG2026020.XML,2026-08-20 06:09:00.710,2026-08-20 06:09:32.481,WOS:001335864800001
CTNG2026020016467275,DATA2026020034944916,A,CTNG2026020.XML,2026-08-20 06:09:08.984,2026-08-20 06:09:33.092,WOS:001608155500001
CTNG2026020016467291,DATA2026020034944932,A,CTNG2026020.XML,2026-08-20 06:09:09.503,2026-08-20 06:09:33.194,WOS:001612966900001
CTNG2026020016467257,DATA2026020034944898,A,CTNG2026020.XML,2026-08-20 06:09:08.549,2026-08-20 06:09:32.528,WOS:001622006800004
CTNG2026020016467278,DATA2026020034944919,A,CTNG2026020.XML,2026-08-20 06:09:09.093,2026-08-20 06:09:33.200,WOS:001612385300001
CTNG2026020016467265,DATA2026020034944906,A,CTNG2026020.XML,2026-08-20 06:09:08.731,2026-08-20 06:09:33.226,WOS:001564930600001
CTNG2026020016467270,DATA2026020034944911,A,CTNG2026020.XML,2026-08-20 06:09:08.864,2026-08-20 06:09:33.319,WOS:001601189200001
CTNG2026020016467287,DATA2026020034944928,A,CTNG2026020.XML,2026-08-20 06:09:09.395,2026-08-20 06:09:34.279,WOS:001570377600001
CTNG2026020016467267,DATA2026020034944908,A,CTNG2026020.XML,2026-08-20 06:09:08.776,2026-08-20 06:09:33.338,WOS:001611266100001
CTNG2026020016467279,DATA2026020034944920,A,CTNG2026020.XML,2026-08-20 06:09:09.129,2026-08-20 06:09:33.359,WOS:001582789800001
CTNG2026020016467283,DATA2026020034944924,A,CTNG2026020.XML,2026-08-20 06:09:09.259,2026-08-20 06:09:34.137,null
CTNG2026020016467273,DATA2026020034944914,A,CTNG2026020.XML,2026-08-20 06:09:08.946,2026-08-20 06:09:33.822,WOS:001590486600001
CTNG2026020016467290,DATA2026020034944931,A,CTNG2026020.XML,2026-08-20 06:09:09.482,2026-08-20 06:09:34.031,WOS:001598373100001
CTNG2026020016467293,DATA2026020034944934,A,CTNG2026020.XML,2026-08-20 06:09:09.555,2026-08-20 06:09:34.687,WOS:001583111500001
CTNG2026020016467311,DATA2026020034944975,A,CTNG2026020.XML,2026-08-20 06:09:09.955,2026-08-20 06:09:34.968,WOS:001607701900005
CTNG2026020016467264,DATA2026020034944905,A,CTNG2026020.XML,2026-08-20 06:09:08.712,2026-08-20 06:09:34.036,WOS:001609907800001
CTNG2026020016467277,DATA2026020034944918,A,CTNG2026020.XML,2026-08-20 06:09:09.043,2026-08-20 06:09:34.273,WOS:001610003300001
CTNG2026020016467285,DATA2026020034944926,A,CTNG2026020.XML,2026-08-20 06:09:09.323,2026-08-20 06:09:34.948,WOS:001610138200002
CTNG2026020016467312,DATA2026020034944978,A,CTNG2026020.XML,2026-08-20 06:09:09.981,2026-08-20 06:09:35.309,WOS:001280766900001
CTNG2026020016467333,DATA2026020034945015,A,CTNG2026020.XML,2026-08-20 06:09:10.206,2026-08-20 06:09:36.203,WOS:001564098400001
CTNG2026020016467281,DATA2026020034944922,A,CTNG2026020.XML,2026-08-20 06:09:09.194,2026-08-20 06:09:34.409,WOS:001611489700001
CTNG2026020016467284,DATA2026020034944925,A,CTNG2026020.XML,2026-08-20 06:09:09.284,2026-08-20 06:09:34.658,WOS:001601122300001
CTNG2026020016467375,DATA2026020034945060,A,CTNG2026020.XML,2026-08-20 06:09:11.146,2026-08-20 06:09:40.293,WOS:001253961500001
CTNG2026020016467289,DATA2026020034944930,A,CTNG2026020.XML,2026-08-20 06:09:09.463,2026-08-20 06:09:34.417,WOS:001609607400001
CTNG2026020016467286,DATA2026020034944927,A,CTNG2026020.XML,2026-08-20 06:09:09.365,2026-08-20 06:09:34.815,WOS:001600355000001
CTNG2026020016467314,DATA2026020034944981,A,CTNG2026020.XML,2026-08-20 06:09:10.002,2026-08-20 06:09:35.281,WOS:001612017400001
CTNG2026020016467320,DATA2026020034944997,A,CTNG2026020.XML,2026-08-20 06:09:10.020,2026-08-20 06:09:35.417,WOS:001627471200003
CTNG2026020016467303,DATA2026020034944959,A,CTNG2026020.XML,2026-08-20 06:09:09.853,2026-08-20 06:09:36.069,WOS:001615033500033
CTNG2026020016467294,DATA2026020034944935,A,CTNG2026020.XML,2026-08-20 06:09:09.737,2026-08-20 06:09:35.403,WOS:001609619200010
CTNG2026020016467308,DATA2026020034944966,A,CTNG2026020.XML,2026-08-20 06:09:09.911,2026-08-20 06:09:36.395,WOS:001650244800001
CTNG2026020016467323,DATA2026020034945000,A,CTNG2026020.XML,2026-08-20 06:09:10.044,2026-08-20 06:09:36.489,WOS:001572293900008
CTNG2026020016467331,DATA2026020034945013,A,CTNG2026020.XML,2026-08-20 06:09:10.154,2026-08-20 06:09:36.935,WOS:001613751200001
CTNG2026020016467343,DATA2026020034945028,A,CTNG2026020.XML,2026-08-20 06:09:10.421,2026-08-20 06:09:37.717,WOS:001602582100001
CTNG2026020016467116,DATA2026020034944683,A,CTNG2026020.XML,2026-08-20 06:09:06.814,2026-08-20 06:09:35.947,WOS:001621599800003
CTNG2026020016467146,DATA2026020034944721,A,CTNG2026020.XML,2026-08-20 06:09:07.068,2026-08-20 06:09:37.486,WOS:001642367800001
CTNG2026020016467324,DATA2026020034945002,A,CTNG2026020.XML,2026-08-20 06:09:10.061,2026-08-20 06:09:38.233,WOS:001619749900011
CTNG2026020016467336,DATA2026020034945021,A,CTNG2026020.XML,2026-08-20 06:09:10.278,2026-08-20 06:09:36.151,WOS:001599876300001
CTNG2026020016467335,DATA2026020034945020,A,CTNG2026020.XML,2026-08-20 06:09:10.259,2026-08-20 06:09:36.634,WOS:001605261400001
CTNG2026020016467307,DATA2026020034944965,A,CTNG2026020.XML,2026-08-20 06:09:09.877,2026-08-20 06:09:36.392,WOS:001650244800001
CTNG2026020016467328,DATA2026020034945009,A,CTNG2026020.XML,2026-08-20 06:09:10.138,2026-08-20 06:09:37.044,WOS:001583116500001
CTNG2026020016467327,DATA2026020034945007,A,CTNG2026020.XML,2026-08-20 06:09:10.118,2026-08-20 06:09:36.415,WOS:001605588300001
CTNG2026020016467332,DATA2026020034945014,A,CTNG2026020.XML,2026-08-20 06:09:10.172,2026-08-20 06:09:36.650,WOS:001502772700001
CTNG2026020016467344,DATA2026020034945029,A,CTNG2026020.XML,2026-08-20 06:09:10.440,2026-08-20 06:09:36.755,WOS:001596012700001
CTNG2026020016467340,DATA2026020034945025,A,CTNG2026020.XML,2026-08-20 06:09:10.372,2026-08-20 06:09:36.874,WOS:001598998200001
CTNG2026020016467351,DATA2026020034945036,A,CTNG2026020.XML,2026-08-20 06:09:10.584,2026-08-20 06:09:37.581,WOS:001608009900004
CTNG2026020016467325,DATA2026020034945003,A,CTNG2026020.XML,2026-08-20 06:09:10.097,2026-08-20 06:09:38.244,WOS:001619749900011
CTNG2026020016467341,DATA2026020034945026,A,CTNG2026020.XML,2026-08-20 06:09:10.391,2026-08-20 06:09:37.175,WOS:001286558000001
CTNG2026020016467346,DATA2026020034945031,A,CTNG2026020.XML,2026-08-20 06:09:10.489,2026-08-20 06:09:37.420,WOS:001605298700005
CTNG2026020016467347,DATA2026020034945032,A,CTNG2026020.XML,2026-08-20 06:09:10.511,2026-08-20 06:09:37.957,WOS:001606478500019
CTNG2026020016467342,DATA2026020034945027,A,CTNG2026020.XML,2026-08-20 06:09:10.407,2026-08-20 06:09:37.295,WOS:001600240400001
CTNG2026020016467348,DATA2026020034945033,A,CTNG2026020.XML,2026-08-20 06:09:10.529,2026-08-20 06:09:37.795,WOS:001494902200001
CTNG2026020016467349,DATA2026020034945034,A,CTNG2026020.XML,2026-08-20 06:09:10.547,2026-08-20 06:09:37.750,WOS:001605544200001
CTNG2026020016467350,DATA2026020034945035,A,CTNG2026020.XML,2026-08-20 06:09:10.564,2026-08-20 06:09:37.947,WOS:001546622300001
CTNG2026020016467358,DATA2026020034945043,A,CTNG2026020.XML,2026-08-20 06:09:10.748,2026-08-20 06:09:38.125,null
CTNG2026020016467354,DATA2026020034945039,A,CTNG2026020.XML,2026-08-20 06:09:10.641,2026-08-20 06:09:38.175,WOS:001605166900001
CTNG2026020016467353,DATA2026020034945038,A,CTNG2026020.XML,2026-08-20 06:09:10.624,2026-08-20 06:09:38.346,WOS:001605298700003
CTNG2026020016467357,DATA2026020034945042,A,CTNG2026020.XML,2026-08-20 06:09:10.717,2026-08-20 06:09:38.182,WOS:001606128300001
CTNG2026020016467365,DATA2026020034945050,A,CTNG2026020.XML,2026-08-20 06:09:10.906,2026-08-20 06:09:38.900,WOS:001606343800001
CTNG2026020016467345,DATA2026020034945030,A,CTNG2026020.XML,2026-08-20 06:09:10.460,2026-08-20 06:09:38.402,WOS:001604631000004
CTNG2026020016467362,DATA2026020034945047,A,CTNG2026020.XML,2026-08-20 06:09:10.842,2026-08-20 06:09:39.449,WOS:001564581400001
CTNG2026020016467370,DATA2026020034945055,A,CTNG2026020.XML,2026-08-20 06:09:11.001,2026-08-20 06:09:39.848,WOS:001597719100001
CTNG2026020016467376,DATA2026020034945061,A,CTNG2026020.XML,2026-08-20 06:09:11.161,2026-08-20 06:09:40.721,WOS:001607981700004
CTNG2026020016467403,DATA2026020034945104,A,CTNG2026020.XML,2026-08-20 06:09:11.522,2026-08-20 06:09:41.207,WOS:001010483400001
CTNG2026020016467388,DATA2026020034945073,A,CTNG2026020.XML,2026-08-20 06:09:11.407,2026-08-20 06:09:41.871,WOS:001345122600001
CTNG2026020016467412,DATA2026020034945118,A,CTNG2026020.XML,2026-08-20 06:09:11.594,2026-08-20 06:09:42.360,WOS:000459361500043
CTNG2026020016467355,DATA2026020034945040,A,CTNG2026020.XML,2026-08-20 06:09:10.669,2026-08-20 06:09:38.525,WOS:001518032400001
CTNG2026020016467360,DATA2026020034945045,A,CTNG2026020.XML,2026-08-20 06:09:10.792,2026-08-20 06:09:38.555,WOS:001571789400001
CTNG2026020016467367,DATA2026020034945052,A,CTNG2026020.XML,2026-08-20 06:09:10.925,2026-08-20 06:09:38.687,WOS:001598998200001
CTNG2026020016467378,DATA2026020034945063,A,CTNG2026020.XML,2026-08-20 06:09:11.198,2026-08-20 06:09:38.823,WOS:001598998200001
CTNG2026020016467359,DATA2026020034945044,A,CTNG2026020.XML,2026-08-20 06:09:10.768,2026-08-20 06:09:38.641,WOS:001607415600009
CTNG2026020016467356,DATA2026020034945041,A,CTNG2026020.XML,2026-08-20 06:09:10.688,2026-08-20 06:09:38.691,WOS:001620279000001
CTNG2026020016467363,DATA2026020034945048,A,CTNG2026020.XML,2026-08-20 06:09:10.870,2026-08-20 06:09:38.813,WOS:001598998200001
CTNG2026020016467337,DATA2026020034945022,A,CTNG2026020.XML,2026-08-20 06:09:10.303,2026-08-20 06:09:39.225,WOS:001606667800001
CTNG2026020016467381,DATA2026020034945066,A,CTNG2026020.XML,2026-08-20 06:09:11.264,2026-08-20 06:09:39.800,WOS:001604350300001
CTNG2026020016467271,DATA2026020034944912,A,CTNG2026020.XML,2026-08-20 06:09:08.888,2026-08-20 06:10:00.497,WOS:001612399500001
CTNG2026020016467280,DATA2026020034944921,A,CTNG2026020.XML,2026-08-20 06:09:09.149,2026-08-20 06:10:00.752,WOS:001605598400001
CTNG2026020016467368,DATA2026020034945053,A,CTNG2026020.XML,2026-08-20 06:09:10.951,2026-08-20 06:09:39.351,WOS:001510653300001
CTNG2026020016467371,DATA2026020034945056,A,CTNG2026020.XML,2026-08-20 06:09:11.032,2026-08-20 06:09:39.371,WOS:001601744800001
CTNG2026020016467377,DATA2026020034945062,A,CTNG2026020.XML,2026-08-20 06:09:11.179,2026-08-20 06:09:39.470,WOS:001598998200001
CTNG2026020016467361,DATA2026020034945046,A,CTNG2026020.XML,2026-08-20 06:09:10.817,2026-08-20 06:09:39.487,WOS:001601236800002
CTNG2026020016467386,DATA2026020034945071,A,CTNG2026020.XML,2026-08-20 06:09:11.373,2026-08-20 06:09:39.588,WOS:001598998200001
CTNG2026020016467372,DATA2026020034945057,A,CTNG2026020.XML,2026-08-20 06:09:11.056,2026-08-20 06:09:39.483,WOS:001603066400001
CTNG2026020016467382,DATA2026020034945067,A,CTNG2026020.XML,2026-08-20 06:09:11.294,2026-08-20 06:09:39.597,WOS:001598998200001
CTNG2026020016467390,DATA2026020034945075,A,CTNG2026020.XML,2026-08-20 06:09:11.434,2026-08-20 06:09:40.354,WOS:001601377300005
CTNG2026020016467393,DATA2026020034945078,A,CTNG2026020.XML,2026-08-20 06:09:11.489,2026-08-20 06:09:41.111,WOS:001607211300001
CTNG2026020016467424,DATA2026020034945151,A,CTNG2026020.XML,2026-08-20 06:09:11.687,2026-08-20 06:09:42.153,WOS:001601172500001
CTNG2026020016467338,DATA2026020034945023,A,CTNG2026020.XML,2026-08-20 06:09:10.324,2026-08-20 06:09:39.611,WOS:001602166100001
CTNG2026020016467369,DATA2026020034945054,A,CTNG2026020.XML,2026-08-20 06:09:10.977,2026-08-20 06:09:39.690,WOS:001597719100001
CTNG2026020016467373,DATA2026020034945058,A,CTNG2026020.XML,2026-08-20 06:09:11.076,2026-08-20 06:09:39.731,WOS:001598998200001
CTNG2026020016467380,DATA2026020034945065,A,CTNG2026020.XML,2026-08-20 06:09:11.244,2026-08-20 06:09:39.841,WOS:001546139000001
CTNG2026020016467389,DATA2026020034945074,A,CTNG2026020.XML,2026-08-20 06:09:11.419,2026-08-20 06:09:40.289,WOS:001645429700006
CTNG2026020016467379,DATA2026020034945064,A,CTNG2026020.XML,2026-08-20 06:09:11.221,2026-08-20 06:09:40.524,WOS:001601233900001
CTNG2026020016467392,DATA2026020034945077,A,CTNG2026020.XML,2026-08-20 06:09:11.470,2026-08-20 06:09:41.158,WOS:001284793300001
CTNG2026020016467387,DATA2026020034945072,A,CTNG2026020.XML,2026-08-20 06:09:11.391,2026-08-20 06:09:41.576,WOS:001601723400001
CTNG2026020016467399,DATA2026020034945096,A,CTNG2026020.XML,2026-08-20 06:09:11.503,2026-08-20 06:09:40.615,WOS:001124061200002
CTNG2026020016467384,DATA2026020034945069,A,CTNG2026020.XML,2026-08-20 06:09:11.341,2026-08-20 06:09:40.823,WOS:001602659100001
CTNG2026020016467404,DATA2026020034945105,A,CTNG2026020.XML,2026-08-20 06:09:11.543,2026-08-20 06:09:41.406,WOS:001628129900001
CTNG2026020016467414,DATA2026020034945130,A,CTNG2026020.XML,2026-08-20 06:09:11.615,2026-08-20 06:09:41.630,WOS:001648255700001
CTNG2026020016466933,DATA2026020034944415,A,CTNG2026020.XML,2026-08-20 06:09:03.668,2026-08-20 06:09:41.931,WOS:001631586700001
CTNG2026020016467391,DATA2026020034945076,A,CTNG2026020.XML,2026-08-20 06:09:11.449,2026-08-20 06:09:41.140,WOS:001603687300010
CTNG2026020016467292,DATA2026020034944933,A,CTNG2026020.XML,2026-08-20 06:09:09.526,2026-08-20 06:09:41.742,WOS:001572761700001
CTNG2026020016467421,DATA2026020034945146,A,CTNG2026020.XML,2026-08-20 06:09:11.664,2026-08-20 06:09:42.123,WOS:001597437800015
CTNG2026020016467310,DATA2026020034944973,A,CTNG2026020.XML,2026-08-20 06:09:09.930,2026-08-20 06:09:42.777,WOS:001607595000001
CTNG2026020016467425,DATA2026020034945154,A,CTNG2026020.XML,2026-08-20 06:09:11.725,2026-08-20 06:09:42.124,WOS:001596409200004
CTNG2026020016467420,DATA2026020034945144,A,CTNG2026020.XML,2026-08-20 06:09:11.642,2026-08-20 06:09:42.262,WOS:001606119100001
CTNG2026020016467431,DATA2026020034945160,A,CTNG2026020.XML,2026-08-20 06:09:11.794,2026-08-20 06:09:42.444,WOS:001582507900002
CTNG2026020016466954,DATA2026020034944436,A,CTNG2026020.XML,2026-08-20 06:09:04.128,2026-08-20 06:09:42.628,WOS:001596148800001
CTNG2026020016467429,DATA2026020034945158,A,CTNG2026020.XML,2026-08-20 06:09:11.757,2026-08-20 06:09:42.447,WOS:001593370700002
CTNG2026020016467430,DATA2026020034945159,A,CTNG2026020.XML,2026-08-20 06:09:11.779,2026-08-20 06:09:42.764,WOS:001596420600001
CTNG2026020016467437,DATA2026020034945166,A,CTNG2026020.XML,2026-08-20 06:09:11.919,2026-08-20 06:09:42.448,WOS:001582507900002
CTNG2026020016467453,DATA2026020034945189,A,CTNG2026020.XML,2026-08-20 06:09:12.206,2026-08-20 06:09:42.697,null
CTNG2026020016467435,DATA2026020034945164,A,CTNG2026020.XML,2026-08-20 06:09:11.878,2026-08-20 06:09:42.769,WOS:001596420600001
CTNG2026020016467438,DATA2026020034945167,A,CTNG2026020.XML,2026-08-20 06:09:12.095,2026-08-20 06:09:43.033,WOS:001597423800001
CTNG2026020016467433,DATA2026020034945162,A,CTNG2026020.XML,2026-08-20 06:09:11.842,2026-08-20 06:09:42.918,WOS:001598183200012
CTNG2026020016467434,DATA2026020034945163,A,CTNG2026020.XML,2026-08-20 06:09:11.863,2026-08-20 06:09:42.962,WOS:001600669300025
CTNG2026020016467432,DATA2026020034945161,A,CTNG2026020.XML,2026-08-20 06:09:11.817,2026-08-20 06:09:43.054,WOS:001500462400002
CTNG2026020016467454,DATA2026020034945190,A,CTNG2026020.XML,2026-08-20 06:09:12.231,2026-08-20 06:09:43.211,null
CTNG2026020016467436,DATA2026020034945165,A,CTNG2026020.XML,2026-08-20 06:09:11.901,2026-08-20 06:09:43.140,WOS:001597344100001
CTNG2026020016467463,DATA2026020034945206,A,CTNG2026020.XML,2026-08-20 06:09:12.268,2026-08-20 06:09:43.472,WOS:001628506300004
CTNG2026020016467445,DATA2026020034945176,A,CTNG2026020.XML,2026-08-20 06:09:12.147,2026-08-20 06:09:44.215,WOS:000665860000038
CTNG2026020016467468,DATA2026020034945212,A,CTNG2026020.XML,2026-08-20 06:09:12.307,2026-08-20 06:09:43.776,WOS:001598319400001
CTNG2026020016467460,DATA2026020034945202,A,CTNG2026020.XML,2026-08-20 06:09:12.250,2026-08-20 06:09:43.902,WOS:000688508300007
CTNG2026020016467441,DATA2026020034945170,A,CTNG2026020.XML,2026-08-20 06:09:12.111,2026-08-20 06:09:43.930,WOS:001579006400006
CTNG2026020016467451,DATA2026020034945183,A,CTNG2026020.XML,2026-08-20 06:09:12.173,2026-08-20 06:09:43.986,WOS:001605582300003
CTNG2026020016467485,DATA2026020034945239,A,CTNG2026020.XML,2026-08-20 06:09:12.476,2026-08-20 06:09:45.123,WOS:001595602200001
CTNG2026020016467483,DATA2026020034945236,A,CTNG2026020.XML,2026-08-20 06:09:12.451,2026-08-20 06:09:45.154,WOS:001595602200001
CTNG2026020016467467,DATA2024144026791855,A,CTNG2026020.XML,2026-08-20 06:09:12.286,2026-08-20 06:09:44.265,WOS:000946083600002
CTNG2026020016467494,DATA2026020034945259,A,CTNG2026020.XML,2026-08-20 06:09:12.530,2026-08-20 06:09:45.121,WOS:001598726000002
CTNG2026020016467475,DATA2026020034945225,A,CTNG2026020.XML,2026-08-20 06:09:12.389,2026-08-20 06:09:45.350,WOS:001348382900036
CTNG2026020016467473,DATA2026020034945220,A,CTNG2026020.XML,2026-08-20 06:09:12.354,2026-08-20 06:09:45.811,WOS:001477639500001
CTNG2026020016467444,DATA2026020034945174,A,CTNG2026020.XML,2026-08-20 06:09:12.128,2026-08-20 06:09:44.684,WOS:001512615000001
CTNG2026020016467487,DATA2026020034945245,A,CTNG2026020.XML,2026-08-20 06:09:12.502,2026-08-20 06:09:44.891,null
CTNG2026020016467495,DATA2026020034945260,A,CTNG2026020.XML,2026-08-20 06:09:12.550,2026-08-20 06:09:44.932,WOS:001594864900001
CTNG2026020016467497,DATA2026020034945262,A,CTNG2026020.XML,2026-08-20 06:09:12.628,2026-08-20 06:09:45.959,WOS:001596665000008
CTNG2026020016467480,DATA2026020034945231,A,CTNG2026020.XML,2026-08-20 06:09:12.426,2026-08-20 06:09:44.959,null
CTNG2026020016467505,DATA2026020034945270,A,CTNG2026020.XML,2026-08-20 06:09:12.801,2026-08-20 06:09:45.347,WOS:001593312300002
CTNG2026020016467472,DATA2026020034945219,A,CTNG2026020.XML,2026-08-20 06:09:12.328,2026-08-20 06:09:45.364,WOS:001348382900036
CTNG2026020016467508,DATA2026020034945273,A,CTNG2026020.XML,2026-08-20 06:09:12.856,2026-08-20 06:09:45.907,WOS:001611854600009
CTNG2026020016467512,DATA2026020034945277,A,CTNG2026020.XML,2026-08-20 06:09:12.931,2026-08-20 06:09:47.188,WOS:001545202400001
CTNG2026020016467504,DATA2026020034945269,A,CTNG2026020.XML,2026-08-20 06:09:12.784,2026-08-20 06:09:46.036,WOS:001598999900001
CTNG2026020016467498,DATA2026020034945263,A,CTNG2026020.XML,2026-08-20 06:09:12.645,2026-08-20 06:09:46.445,WOS:001593507700001
CTNG2026020016467513,DATA2026020034945278,A,CTNG2026020.XML,2026-08-20 06:09:12.951,2026-08-20 06:09:47.609,WOS:001552875300001
CTNG2026020016467509,DATA2026020034945274,A,CTNG2026020.XML,2026-08-20 06:09:12.872,2026-08-20 06:09:47.626,WOS:001339794400001
CTNG2026020016467500,DATA2026020034945265,A,CTNG2026020.XML,2026-08-20 06:09:12.677,2026-08-20 06:09:46.343,WOS:001594960200001
CTNG2026020016467474,DATA2026020034945221,A,CTNG2026020.XML,2026-08-20 06:09:12.376,2026-08-20 06:09:46.428,WOS:001593451100001
CTNG2026020016467506,DATA2026020034945271,A,CTNG2026020.XML,2026-08-20 06:09:12.823,2026-08-20 06:09:46.461,WOS:001593312300002
CTNG2026020016467519,DATA2026020034945284,A,CTNG2026020.XML,2026-08-20 06:09:13.079,2026-08-20 06:09:48.478,WOS:001598610100001
CTNG2026020016467501,DATA2026020034945266,A,CTNG2026020.XML,2026-08-20 06:09:12.691,2026-08-20 06:09:46.646,WOS:001528386600001
CTNG2026020016467511,DATA2026020034945276,A,CTNG2026020.XML,2026-08-20 06:09:12.916,2026-08-20 06:09:47.899,WOS:001733527700001
CTNG2026020016467523,DATA2026020034945288,A,CTNG2026020.XML,2026-08-20 06:09:13.191,2026-08-20 06:09:49.186,WOS:001336960300001
CTNG2026020016467507,DATA2026020034945272,A,CTNG2026020.XML,2026-08-20 06:09:12.841,2026-08-20 06:09:46.881,WOS:001598194200007
CTNG2026020016467517,DATA2026020034945282,A,CTNG2026020.XML,2026-08-20 06:09:13.047,2026-08-20 06:09:47.753,WOS:001591123700001
CTNG2026020016467521,DATA2026020034945286,A,CTNG2026020.XML,2026-08-20 06:09:13.152,2026-08-20 06:09:48.397,WOS:001594823200021
CTNG2026020016467516,DATA2026020034945281,A,CTNG2026020.XML,2026-08-20 06:09:13.021,2026-08-20 06:09:48.399,WOS:001518484000001
CTNG2026020016467525,DATA2026020034945290,A,CTNG2026020.XML,2026-08-20 06:09:13.243,2026-08-20 06:09:49.111,WOS:001590018300001
CTNG2026020016467524,DATA2026020034945289,A,CTNG2026020.XML,2026-08-20 06:09:13.213,2026-08-20 06:09:48.437,WOS:001635099400002
CTNG2026020016467531,DATA2026020034945302,A,CTNG2026020.XML,2026-08-20 06:09:13.311,2026-08-20 06:09:49.248,WOS:001381397600017
CTNG2026020016467518,DATA2026020034945283,A,CTNG2026020.XML,2026-08-20 06:09:13.060,2026-08-20 06:09:48.711,WOS:001597073400009
CTNG2026020016467530,DATA2026020034945300,A,CTNG2026020.XML,2026-08-20 06:09:13.283,2026-08-20 06:09:49.282,WOS:001579657400001
CTNG2026020016467529,DATA2026020034945299,A,CTNG2026020.XML,2026-08-20 06:09:13.261,2026-08-20 06:09:49.582,WOS:001630277500002
CTNG2026020016467503,DATA2026020034945268,A,CTNG2026020.XML,2026-08-20 06:09:12.757,2026-08-20 06:09:49.862,WOS:001598740500014
CTNG2026020016467499,DATA2026020034945264,A,CTNG2026020.XML,2026-08-20 06:09:12.664,2026-08-20 06:09:48.737,WOS:001526700600001
CTNG2026020016467522,DATA2026020034945287,A,CTNG2026020.XML,2026-08-20 06:09:13.175,2026-08-20 06:09:49.765,WOS:001593698100001
CTNG2026020016467520,DATA2026020034945285,A,CTNG2026020.XML,2026-08-20 06:09:13.130,2026-08-20 06:09:49.783,WOS:001595386100002
CTNG2026020016467548,DATA2026020034945327,A,CTNG2026020.XML,2026-08-20 06:09:13.351,2026-08-20 06:09:49.301,WOS:000665860000038
CTNG2026020016467558,DATA2026020034945341,A,CTNG2026020.XML,2026-08-20 06:09:13.491,2026-08-20 06:09:50.766,WOS:001501986500006
CTNG2026020016467556,DATA2026020034945339,A,CTNG2026020.XML,2026-08-20 06:09:13.455,2026-08-20 06:09:50.784,WOS:001501986500006
CTNG2026020016467515,DATA2026020034945280,A,CTNG2026020.XML,2026-08-20 06:09:13.002,2026-08-20 06:09:50.349,WOS:001336960300001
CTNG2026020016467542,DATA2026020034945317,A,CTNG2026020.XML,2026-08-20 06:09:13.331,2026-08-20 06:09:50.422,WOS:001609213900001
CTNG2026020016467559,DATA2026020034945342,A,CTNG2026020.XML,2026-08-20 06:09:13.511,2026-08-20 06:09:50.724,WOS:001501986500006
CTNG2026020016467557,DATA2026020034945340,A,CTNG2026020.XML,2026-08-20 06:09:13.474,2026-08-20 06:09:50.643,WOS:001501986500006
CTNG2026020016467555,DATA2026020034945338,A,CTNG2026020.XML,2026-08-20 06:09:13.434,2026-08-20 06:09:50.686,WOS:001501986500006
CTNG2026020016467568,DATA2026020034945359,A,CTNG2026020.XML,2026-08-20 06:09:13.615,2026-08-20 06:09:51.316,null
CTNG2026020016467589,DATA2026020034945387,A,CTNG2026020.XML,2026-08-20 06:09:13.773,2026-08-20 06:09:51.811,WOS:001589294400001
CTNG2026020016467554,DATA2026020034945337,A,CTNG2026020.XML,2026-08-20 06:09:13.407,2026-08-20 06:09:50.684,WOS:001501986500006
CTNG2026020016467560,DATA2026020034945343,A,CTNG2026020.XML,2026-08-20 06:09:13.531,2026-08-20 06:09:50.924,WOS:001501986500006
CTNG2026020016467588,DATA2026020034945386,A,CTNG2026020.XML,2026-08-20 06:09:13.748,2026-08-20 06:09:51.709,WOS:001582210000001
CTNG2026020016467594,DATA2026020034945392,A,CTNG2026020.XML,2026-08-20 06:09:13.887,2026-08-20 06:09:52.603,WOS:001589486500001
CTNG2026020016467602,DATA2026020034945400,A,CTNG2026020.XML,2026-08-20 06:09:14.098,2026-08-20 06:09:53.480,WOS:001523046500001
CTNG2026020016467612,DATA2026020034945410,A,CTNG2026020.XML,2026-08-20 06:09:14.328,2026-08-20 06:09:54.640,WOS:001590508700008
CTNG2026020016467618,DATA2026020034945416,A,CTNG2026020.XML,2026-08-20 06:09:14.411,2026-08-20 06:09:55.326,WOS:000665860000038
CTNG2026020016467553,DATA2026020034945336,A,CTNG2026020.XML,2026-08-20 06:09:13.382,2026-08-20 06:09:50.783,WOS:001501986500006
CTNG2026020016467582,DATA2026020034945380,A,CTNG2026020.XML,2026-08-20 06:09:13.651,2026-08-20 06:09:50.997,WOS:001588240600001
CTNG2026020016467583,DATA2026020034945381,A,CTNG2026020.XML,2026-08-20 06:09:13.673,2026-08-20 06:09:52.021,WOS:001582027200001
CTNG2026020016467562,DATA2026020034945346,A,CTNG2026020.XML,2026-08-20 06:09:13.565,2026-08-20 06:09:50.962,WOS:001501986500006
CTNG2026020016467561,DATA2026020034945345,A,CTNG2026020.XML,2026-08-20 06:09:13.546,2026-08-20 06:09:51.007,WOS:001501986500006
CTNG2026020016467585,DATA2026020034945383,A,CTNG2026020.XML,2026-08-20 06:09:13.704,2026-08-20 06:09:51.079,WOS:001585508700001
CTNG2026020016467590,DATA2026020034945388,A,CTNG2026020.XML,2026-08-20 06:09:13.789,2026-08-20 06:09:51.623,WOS:001588702300001
CTNG2026020016467598,DATA2026020034945396,A,CTNG2026020.XML,2026-08-20 06:09:13.992,2026-08-20 06:09:52.319,WOS:001591706300001
CTNG2026020016467600,DATA2026020034945398,A,CTNG2026020.XML,2026-08-20 06:09:14.041,2026-08-20 06:09:54.380,WOS:001590927700001
CTNG2026020016467591,DATA2026020034945389,A,CTNG2026020.XML,2026-08-20 06:09:13.809,2026-08-20 06:09:51.664,WOS:001590951900003
CTNG2026020016467595,DATA2026020034945393,A,CTNG2026020.XML,2026-08-20 06:09:13.915,2026-08-20 06:09:52.291,WOS:001589249300001
CTNG2026020016467592,DATA2026020034945390,A,CTNG2026020.XML,2026-08-20 06:09:13.843,2026-08-20 06:09:52.510,WOS:001567301600001
CTNG2026020016467569,DATA2026020034945360,A,CTNG2026020.XML,2026-08-20 06:09:13.630,2026-08-20 06:09:51.857,WOS:001656368200001
CTNG2026020016467587,DATA2026020034945385,A,CTNG2026020.XML,2026-08-20 06:09:13.725,2026-08-20 06:09:52.163,WOS:001591692200001
CTNG2026020016467563,DATA2026020034945352,A,CTNG2026020.XML,2026-08-20 06:09:13.582,2026-08-20 06:09:52.208,WOS:000935680900001
CTNG2026020016467599,DATA2026020034945397,A,CTNG2026020.XML,2026-08-20 06:09:14.014,2026-08-20 06:09:52.575,WOS:001586743600001
CTNG2026020016467604,DATA2026020034945402,A,CTNG2026020.XML,2026-08-20 06:09:14.153,2026-08-20 06:09:52.921,WOS:001591043700026
CTNG2026020016467603,DATA2026020034945401,A,CTNG2026020.XML,2026-08-20 06:09:14.126,2026-08-20 06:09:53.309,WOS:001590508700002
CTNG2026020016467606,DATA2026020034945404,A,CTNG2026020.XML,2026-08-20 06:09:14.197,2026-08-20 06:09:53.813,WOS:001548636600021
CTNG2026020016467611,DATA2026020034945409,A,CTNG2026020.XML,2026-08-20 06:09:14.310,2026-08-20 06:09:54.570,WOS:001461116400001
CTNG2026020016467613,DATA2026020034945411,A,CTNG2026020.XML,2026-08-20 06:09:14.349,2026-08-20 06:09:54.662,WOS:001593286500038
CTNG2026020016467617,DATA2026020034945415,A,CTNG2026020.XML,2026-08-20 06:09:14.392,2026-08-20 06:09:55.436,WOS:001561470400001
CTNG2026020016467622,DATA2026020034945422,A,CTNG2026020.XML,2026-08-20 06:09:14.427,2026-08-20 06:09:55.751,WOS:001612144000001
CTNG2026020016467638,DATA2026020034945450,A,CTNG2026020.XML,2026-08-20 06:09:14.567,2026-08-20 06:09:56.176,WOS:001453670400001
CTNG2026020016467601,DATA2026020034945399,A,CTNG2026020.XML,2026-08-20 06:09:14.060,2026-08-20 06:09:52.948,WOS:001578962400001
CTNG2026020016467597,DATA2026020034945395,A,CTNG2026020.XML,2026-08-20 06:09:13.972,2026-08-20 06:09:54.034,WOS:001559420100001
CTNG2026020016467608,DATA2026020034945406,A,CTNG2026020.XML,2026-08-20 06:09:14.237,2026-08-20 06:09:54.069,WOS:001526664900001
CTNG2026020016467610,DATA2026020034945408,A,CTNG2026020.XML,2026-08-20 06:09:14.275,2026-08-20 06:09:54.172,WOS:001526664900001
CTNG2026020016467614,DATA2026020034945412,A,CTNG2026020.XML,2026-08-20 06:09:14.370,2026-08-20 06:09:54.215,WOS:001589294400001
CTNG2026020016467623,DATA2026020034945425,A,CTNG2026020.XML,2026-08-20 06:09:14.442,2026-08-20 06:09:54.911,WOS:001267484600013
CTNG2026020016467609,DATA2026020034945407,A,CTNG2026020.XML,2026-08-20 06:09:14.257,2026-08-20 06:09:54.568,WOS:001588240600001
CTNG2026020016467634,DATA2026020034945445,A,CTNG2026020.XML,2026-08-20 06:09:14.523,2026-08-20 06:09:55.481,WOS:000526569200045
CTNG2026020016467636,DATA2026020034945448,A,CTNG2026020.XML,2026-08-20 06:09:14.542,2026-08-20 06:09:56.059,WOS:000791316100004
CTNG2026020016467665,DATA2026020034945489,A,CTNG2026020.XML,2026-08-20 06:09:14.752,2026-08-20 06:09:56.415,WOS:001303074300001
CTNG2026020016467674,DATA2026020034945501,A,CTNG2026020.XML,2026-08-20 06:09:14.821,2026-08-20 06:09:56.784,WOS:001567304900001
CTNG2026020016467630,DATA2026020034945438,A,CTNG2026020.XML,2026-08-20 06:09:14.468,2026-08-20 06:09:55.013,WOS:001630918200008
CTNG2026020016467633,DATA2026020034945441,A,CTNG2026020.XML,2026-08-20 06:09:14.501,2026-08-20 06:10:07.698,WOS:001597864300001
CTNG2026020016467640,DATA2026020034945453,A,CTNG2026020.XML,2026-08-20 06:09:14.589,2026-08-20 06:09:55.522,WOS:001620771600002
CTNG2026020016467659,DATA2026020034945480,A,CTNG2026020.XML,2026-08-20 06:09:14.715,2026-08-20 06:09:56.110,WOS:001642805200003
CTNG2026020016467668,DATA2026020034945494,A,CTNG2026020.XML,2026-08-20 06:09:14.770,2026-08-20 06:09:56.544,WOS:001589355500001
CTNG2026020016467675,DATA2026020034945502,A,CTNG2026020.XML,2026-08-20 06:09:14.845,2026-08-20 06:09:57.090,WOS:001571957700014
CTNG2026020016467682,DATA2026020034945509,A,CTNG2026020.XML,2026-08-20 06:09:15.099,2026-08-20 06:09:57.656,WOS:001580332400015
CTNG2026020016467686,DATA2026020034945513,A,CTNG2026020.XML,2026-08-20 06:09:15.170,2026-08-20 06:09:58.057,WOS:001589109100001
CTNG2026020016467689,DATA2026020034945516,A,CTNG2026020.XML,2026-08-20 06:09:15.243,2026-08-20 06:09:58.514,WOS:001558852500001
CTNG2026020016467692,DATA2026020034945519,A,CTNG2026020.XML,2026-08-20 06:09:15.295,2026-08-20 06:09:59.121,WOS:001585186500001
CTNG2026020016467641,DATA2026020034945455,A,CTNG2026020.XML,2026-08-20 06:09:14.621,2026-08-20 06:09:56.232,WOS:001632590400001
CTNG2026020016467669,DATA2026020034945495,A,CTNG2026020.XML,2026-08-20 06:09:14.790,2026-08-20 06:09:56.528,WOS:000924212400001
CTNG2026020016467664,DATA2026020034945487,A,CTNG2026020.XML,2026-08-20 06:09:14.733,2026-08-20 06:09:56.741,WOS:001597566700001
CTNG2026020016467679,DATA2026020034945506,A,CTNG2026020.XML,2026-08-20 06:09:14.893,2026-08-20 06:09:57.021,WOS:001562685300001
CTNG2026020016467676,DATA2026020034945503,A,CTNG2026020.XML,2026-08-20 06:09:14.861,2026-08-20 06:09:57.300,WOS:001558982600001
CTNG2026020016467681,DATA2026020034945508,A,CTNG2026020.XML,2026-08-20 06:09:15.082,2026-08-20 06:09:57.619,WOS:001582301500004
CTNG2026020016467683,DATA2026020034945510,A,CTNG2026020.XML,2026-08-20 06:09:15.123,2026-08-20 06:09:58.062,WOS:001578186400008
CTNG2026020016467680,DATA2026020034945507,A,CTNG2026020.XML,2026-08-20 06:09:15.064,2026-08-20 06:09:57.967,WOS:001577954900005
CTNG2026020016467201,DATA2026020034944799,A,CTNG2026020.XML,2026-08-20 06:09:07.883,2026-08-20 06:09:58.038,WOS:001649672200001
CTNG2026020016467684,DATA2026020034945511,A,CTNG2026020.XML,2026-08-20 06:09:15.141,2026-08-20 06:09:58.115,WOS:001580332400015
CTNG2026020016467239,DATA2026020034944872,A,CTNG2026020.XML,2026-08-20 06:09:08.398,2026-08-20 06:09:58.180,WOS:001486133900002
CTNG2026020016467691,DATA2026020034945518,A,CTNG2026020.XML,2026-08-20 06:09:15.277,2026-08-20 06:09:58.561,WOS:001575482800001
CTNG2026020016467690,DATA2026020034945517,A,CTNG2026020.XML,2026-08-20 06:09:15.261,2026-08-20 06:09:58.633,WOS:001589217000003
CTNG2026020016467685,DATA2026020034945512,A,CTNG2026020.XML,2026-08-20 06:09:15.155,2026-08-20 06:09:58.294,WOS:001589692000002
CTNG2026020016467687,DATA2026020034945514,A,CTNG2026020.XML,2026-08-20 06:09:15.185,2026-08-20 06:09:58.809,WOS:001591226100001
CTNG2026020016467688,DATA2026020034945515,A,CTNG2026020.XML,2026-08-20 06:09:15.200,2026-08-20 06:09:59.103,WOS:001580332400022
CTNG2026020016467695,DATA2026020034945522,A,CTNG2026020.XML,2026-08-20 06:09:15.368,2026-08-20 06:09:59.340,WOS:001587280800001
CTNG2026020016467697,DATA2026020034945524,A,CTNG2026020.XML,2026-08-20 06:09:15.400,2026-08-20 06:09:59.278,WOS:001589217000003
CTNG2026020016467702,DATA2026020034945529,A,CTNG2026020.XML,2026-08-20 06:09:15.494,2026-08-20 06:10:00.132,WOS:001586994200001
CTNG2026020016467700,DATA2026020034945527,A,CTNG2026020.XML,2026-08-20 06:09:15.468,2026-08-20 06:10:00.785,WOS:001315893900001
CTNG2026020016467703,DATA2026020034945530,A,CTNG2026020.XML,2026-08-20 06:09:15.510,2026-08-20 06:10:01.194,WOS:001566583300001
CTNG2026020016467245,DATA2026020034944880,A,CTNG2026020.XML,2026-08-20 06:09:08.446,2026-08-20 06:09:59.337,WOS:000436057500010
CTNG2026020016467694,DATA2026020034945521,A,CTNG2026020.XML,2026-08-20 06:09:15.338,2026-08-20 06:09:59.347,WOS:001589219500018
CTNG2026020016467269,DATA2026020034944910,A,CTNG2026020.XML,2026-08-20 06:09:08.833,2026-08-20 06:09:59.513,WOS:001608155500001
CTNG2026020016467699,DATA2026020034945526,A,CTNG2026020.XML,2026-08-20 06:09:15.438,2026-08-20 06:10:00.073,WOS:001587716700001
CTNG2026020016467698,DATA2026020034945525,A,CTNG2026020.XML,2026-08-20 06:09:15.419,2026-08-20 06:09:59.485,WOS:001589217000003
CTNG2026020016467693,DATA2026020034945520,A,CTNG2026020.XML,2026-08-20 06:09:15.314,2026-08-20 06:09:59.572,WOS:001677526600001
CTNG2026020016467696,DATA2026020034945523,A,CTNG2026020.XML,2026-08-20 06:09:15.381,2026-08-20 06:10:00.051,WOS:001587519800021
CTNG2026020016467701,DATA2026020034945528,A,CTNG2026020.XML,2026-08-20 06:09:15.483,2026-08-20 06:10:00.201,WOS:001589217000003
CTNG2026020016467706,DATA2026020034945533,A,CTNG2026020.XML,2026-08-20 06:09:15.572,2026-08-20 06:10:00.260,WOS:001677526600001
CTNG2026020016467711,DATA2026020034945538,A,CTNG2026020.XML,2026-08-20 06:09:15.670,2026-08-20 06:10:00.362,WOS:001589217000003
CTNG2026020016467704,DATA2026020034945531,A,CTNG2026020.XML,2026-08-20 06:09:15.531,2026-08-20 06:10:00.616,WOS:001590297900018
CTNG2026020016467705,DATA2026020034945532,A,CTNG2026020.XML,2026-08-20 06:09:15.557,2026-08-20 06:10:00.581,WOS:001588085900001
CTNG2026020016467710,DATA2026020034945537,A,CTNG2026020.XML,2026-08-20 06:09:15.651,2026-08-20 06:10:00.764,WOS:001587521000027
CTNG2026020016467709,DATA2026020034945536,A,CTNG2026020.XML,2026-08-20 06:09:15.620,2026-08-20 06:10:01.255,WOS:001589217000003
CTNG2026020016467716,DATA2026020034945543,A,CTNG2026020.XML,2026-08-20 06:09:15.789,2026-08-20 06:10:01.300,WOS:001677526600001
CTNG2026020016467719,DATA2026020034945546,A,CTNG2026020.XML,2026-08-20 06:09:15.886,2026-08-20 06:10:02.042,WOS:001520216800001
CTNG2026020016467712,DATA2026020034945539,A,CTNG2026020.XML,2026-08-20 06:09:15.690,2026-08-20 06:10:01.363,WOS:001558982600001
CTNG2026020016467722,DATA2026020034945549,A,CTNG2026020.XML,2026-08-20 06:09:15.948,2026-08-20 06:10:02.158,WOS:001588159900001
CTNG2026020016467721,DATA2026020034945548,A,CTNG2026020.XML,2026-08-20 06:09:15.929,2026-08-20 06:10:02.841,WOS:001580252400007
CTNG2026020016467725,DATA2026020034945552,A,CTNG2026020.XML,2026-08-20 06:09:16.012,2026-08-20 06:10:03.006,WOS:001589005000001
CTNG2026020016467723,DATA2026020034945550,A,CTNG2026020.XML,2026-08-20 06:09:15.966,2026-08-20 06:10:04.421,WOS:001586154200019
CTNG2026020016467714,DATA2026020034945541,A,CTNG2026020.XML,2026-08-20 06:09:15.747,2026-08-20 06:10:01.508,WOS:001461685600001
CTNG2026020016467715,DATA2026020034945542,A,CTNG2026020.XML,2026-08-20 06:09:15.768,2026-08-20 06:10:01.657,WOS:001589217000003
CTNG2026020016467708,DATA2026020034945535,A,CTNG2026020.XML,2026-08-20 06:09:15.604,2026-08-20 06:10:01.734,WOS:001586845400007
CTNG2026020016467736,DATA2026020034945576,A,CTNG2026020.XML,2026-08-20 06:09:16.031,2026-08-20 06:10:01.956,WOS:001583541400001
CTNG2026020016467718,DATA2026020034945545,A,CTNG2026020.XML,2026-08-20 06:09:15.847,2026-08-20 06:10:02.242,WOS:001563598000001
CTNG2026020016467748,DATA2026020034945598,A,CTNG2026020.XML,2026-08-20 06:09:16.141,2026-08-20 06:10:02.437,null
CTNG2026020016467746,DATA2026020034945595,A,CTNG2026020.XML,2026-08-20 06:09:16.106,2026-08-20 06:10:02.602,WOS:001589219500008
CTNG2026020016467760,DATA2026020034945614,A,CTNG2026020.XML,2026-08-20 06:09:16.269,2026-08-20 06:10:03.527,WOS:001582507700041
CTNG2026020016467756,DATA2026020034945607,A,CTNG2026020.XML,2026-08-20 06:09:16.203,2026-08-20 06:10:04.046,null
CTNG2026020016467763,DATA2026020034945620,A,CTNG2026020.XML,2026-08-20 06:09:16.302,2026-08-20 06:10:04.675,WOS:001581729600002
CTNG2026020016467713,DATA2026020034945540,A,CTNG2026020.XML,2026-08-20 06:09:15.723,2026-08-20 06:10:01.603,WOS:001589217000003
CTNG2026020016467707,DATA2026020034945534,A,CTNG2026020.XML,2026-08-20 06:09:15.587,2026-08-20 06:10:01.640,WOS:001560439500001
CTNG2026020016467720,DATA2026020034945547,A,CTNG2026020.XML,2026-08-20 06:09:15.907,2026-08-20 06:10:01.813,WOS:001587519800021
CTNG2026020016467739,DATA2026020034945583,A,CTNG2026020.XML,2026-08-20 06:09:16.054,2026-08-20 06:10:01.945,WOS:001583541400001
CTNG2026020016467717,DATA2026020034945544,A,CTNG2026020.XML,2026-08-20 06:09:15.822,2026-08-20 06:10:02.259,WOS:001584225700001
CTNG2026020016467750,DATA2026020034945600,A,CTNG2026020.XML,2026-08-20 06:09:16.164,2026-08-20 06:10:02.733,WOS:001378789300002
CTNG2026020016467745,DATA2026020034945594,A,CTNG2026020.XML,2026-08-20 06:09:16.081,2026-08-20 06:10:02.952,WOS:001556241900004
CTNG2026020016467724,DATA2026020034945551,A,CTNG2026020.XML,2026-08-20 06:09:15.994,2026-08-20 06:10:02.668,WOS:001554707500001
CTNG2026020016467768,DATA2026020034945631,A,CTNG2026020.XML,2026-08-20 06:09:16.405,2026-08-20 06:10:04.758,WOS:001581729600002
CTNG2026020016467755,DATA2026020034945606,A,CTNG2026020.XML,2026-08-20 06:09:16.184,2026-08-20 06:10:04.850,null
CTNG2026020016467764,DATA2026020034945625,A,CTNG2026020.XML,2026-08-20 06:09:16.323,2026-08-20 06:10:04.978,WOS:001583075400001
CTNG2026020016467777,DATA2026020034945659,A,CTNG2026020.XML,2026-08-20 06:09:16.486,2026-08-20 06:10:05.164,WOS:001578799500001
CTNG2026020016467759,DATA2026020034945613,A,CTNG2026020.XML,2026-08-20 06:09:16.252,2026-08-20 06:10:04.998,WOS:001586195400002
CTNG2026020016467779,DATA2026020034945662,A,CTNG2026020.XML,2026-08-20 06:09:16.521,2026-08-20 06:10:05.615,WOS:001586102600001
CTNG2026020016467774,DATA2026020034945656,A,CTNG2026020.XML,2026-08-20 06:09:16.452,2026-08-20 06:10:05.698,WOS:001581791400006
CTNG2026020016467781,DATA2026020034945664,A,CTNG2026020.XML,2026-08-20 06:09:16.553,2026-08-20 06:10:06.489,WOS:001530524200001
CTNG2026020016467784,DATA2026020034945668,A,CTNG2026020.XML,2026-08-20 06:09:16.602,2026-08-20 06:10:06.657,WOS:001567401200001
CTNG2026020016467788,DATA2026020034945672,A,CTNG2026020.XML,2026-08-20 06:09:16.690,2026-08-20 06:10:07.520,WOS:001581522500001
CTNG2026020016467762,DATA2026020034945617,A,CTNG2026020.XML,2026-08-20 06:09:16.282,2026-08-20 06:10:05.196,WOS:001578799500001
CTNG2026020016467770,DATA2026020034945639,A,CTNG2026020.XML,2026-08-20 06:09:16.432,2026-08-20 06:10:05.730,WOS:001493131600025
CTNG2026020016467766,DATA2026020034945629,A,CTNG2026020.XML,2026-08-20 06:09:16.371,2026-08-20 06:10:06.144,WOS:001576209500001
CTNG2026020016467782,DATA2026020034945666,A,CTNG2026020.XML,2026-08-20 06:09:16.572,2026-08-20 06:10:06.871,WOS:001586153600033
CTNG2026020016467786,DATA2026020034945670,A,CTNG2026020.XML,2026-08-20 06:09:16.649,2026-08-20 06:10:07.108,WOS:001332739500001
CTNG2026020016467791,DATA2026020034945675,A,CTNG2026020.XML,2026-08-20 06:09:16.758,2026-08-20 06:10:07.527,WOS:001468889000001
CTNG2026020016467790,DATA2026020034945674,A,CTNG2026020.XML,2026-08-20 06:09:16.731,2026-08-20 06:10:07.759,WOS:001581467700001
CTNG2026020016467796,DATA2026020034945680,A,CTNG2026020.XML,2026-08-20 06:09:16.884,2026-08-20 06:10:08.157,WOS:001569330600001
CTNG2026020016467778,DATA2026020034945660,A,CTNG2026020.XML,2026-08-20 06:09:16.500,2026-08-20 06:10:05.712,WOS:001583548600001
CTNG2026020016467780,DATA2026020034945663,A,CTNG2026020.XML,2026-08-20 06:09:16.536,2026-08-20 06:10:06.234,WOS:001578799500001
CTNG2026020016467785,DATA2026020034945669,A,CTNG2026020.XML,2026-08-20 06:09:16.631,2026-08-20 06:10:06.559,WOS:001540485700001
CTNG2026020016467792,DATA2026020034945676,A,CTNG2026020.XML,2026-08-20 06:09:16.779,2026-08-20 06:10:07.142,WOS:001586092200002
CTNG2026020016467794,DATA2026020034945678,A,CTNG2026020.XML,2026-08-20 06:09:16.824,2026-08-20 06:10:07.733,WOS:001561290900001
CTNG2026020016467798,DATA2026020034945682,A,CTNG2026020.XML,2026-08-20 06:09:16.942,2026-08-20 06:10:08.430,WOS:001629082700004
CTNG2026020016467296,DATA2026020034944940,A,CTNG2026020.XML,2026-08-20 06:09:09.791,2026-08-20 06:10:11.819,WOS:001638442600005
CTNG2026020016467334,DATA2026020034945019,A,CTNG2026020.XML,2026-08-20 06:09:10.238,2026-08-20 06:10:12.500,WOS:001601737000001
CTNG2026020016467643,DATA2026020034945457,A,CTNG2026020.XML,2026-08-20 06:09:14.674,2026-08-20 06:10:07.815,WOS:001620771600002
CTNG2026020016467632,DATA2026020034945440,A,CTNG2026020.XML,2026-08-20 06:09:14.485,2026-08-20 06:10:07.840,WOS:001597864300001
CTNG2026020016467801,DATA2026020034945685,A,CTNG2026020.XML,2026-08-20 06:09:16.999,2026-08-20 06:10:08.549,null
CTNG2026020016467642,DATA2026020034945456,A,CTNG2026020.XML,2026-08-20 06:09:14.650,2026-08-20 06:10:08.840,WOS:001596628700001
CTNG2026020016467804,DATA2026020034945687,A,CTNG2026020.XML,2026-08-20 06:09:17.065,2026-08-20 06:10:09.041,WOS:001582700400001
CTNG2026020016467795,DATA2026020034945679,A,CTNG2026020.XML,2026-08-20 06:09:16.859,2026-08-20 06:10:07.930,WOS:001580128200001
CTNG2026020016467787,DATA2026020034945671,A,CTNG2026020.XML,2026-08-20 06:09:16.672,2026-08-20 06:10:08.554,WOS:001580168400001
CTNG2026020016467799,DATA2026020034945683,A,CTNG2026020.XML,2026-08-20 06:09:16.960,2026-08-20 06:10:08.627,WOS:001582852400001
CTNG2026020016467805,DATA2026020034945688,A,CTNG2026020.XML,2026-08-20 06:09:17.090,2026-08-20 06:10:09.155,WOS:001583023400004
CTNG2026020016467352,DATA2026020034945037,A,CTNG2026020.XML,2026-08-20 06:09:10.604,2026-08-20 06:10:09.823,WOS:001603687300011
CTNG2026020016467811,DATA2026020034945694,A,CTNG2026020.XML,2026-08-20 06:09:17.257,2026-08-20 06:10:09.865,WOS:001258694300001
CTNG2026020016467793,DATA2026020034945677,A,CTNG2026020.XML,2026-08-20 06:09:16.807,2026-08-20 06:10:09.991,WOS:001580462600001
CTNG2026020016467364,DATA2026020034945049,A,CTNG2026020.XML,2026-08-20 06:09:10.889,2026-08-20 06:10:10.485,WOS:001600038400001
CTNG2026020016467810,DATA2026020034945693,A,CTNG2026020.XML,2026-08-20 06:09:17.231,2026-08-20 06:10:10.701,WOS:001595111200001
CTNG2026020016467797,DATA2026020034945681,A,CTNG2026020.XML,2026-08-20 06:09:16.904,2026-08-20 06:10:08.685,WOS:001585012300003
CTNG2026020016467800,DATA2026020034945684,A,CTNG2026020.XML,2026-08-20 06:09:16.980,2026-08-20 06:10:08.875,WOS:001583439200001
CTNG2026020016467803,DATA2026020034945686,A,CTNG2026020.XML,2026-08-20 06:09:17.048,2026-08-20 06:10:09.150,WOS:001583023400004
CTNG2026020016467807,DATA2026020034945690,A,CTNG2026020.XML,2026-08-20 06:09:17.142,2026-08-20 06:10:10.014,WOS:001580058400001
CTNG2026020016467809,DATA2026020034945692,A,CTNG2026020.XML,2026-08-20 06:09:17.208,2026-08-20 06:10:09.739,WOS:001582548100001
CTNG2026020016467496,DATA2026020034945261,A,CTNG2026020.XML,2026-08-20 06:09:12.604,2026-08-20 06:10:27.735,WOS:001484263600001
CTNG2026020016467514,DATA2026020034945279,A,CTNG2026020.XML,2026-08-20 06:09:12.973,2026-08-20 06:10:28.928,WOS:001596777100001
CTNG2026020016467806,DATA2026020034945689,A,CTNG2026020.XML,2026-08-20 06:09:17.114,2026-08-20 06:10:32.284,WOS:001584780200001
CTNG2026020016467383,DATA2026020034945068,A,CTNG2026020.XML,2026-08-20 06:09:11.320,2026-08-20 06:10:09.825,WOS:001603687300011
CTNG2026020016467407,DATA2026020034945108,A,CTNG2026020.XML,2026-08-20 06:09:11.576,2026-08-20 06:10:10.517,WOS:001615274900001
CTNG2026020016467374,DATA2026020034945059,A,CTNG2026020.XML,2026-08-20 06:09:11.126,2026-08-20 06:10:25.576,WOS:001594336400001
CTNG2026020016467385,DATA2026020034945070,A,CTNG2026020.XML,2026-08-20 06:09:11.355,2026-08-20 06:10:26.176,WOS:001607415600008
CTNG2026020016467295,DATA2026020034944937,A,CTNG2026020.XML,2026-08-20 06:09:09.766,2026-08-20 06:10:11.884,WOS:001638442600005
CTNG2026020016467339,DATA2026020034945024,A,CTNG2026020.XML,2026-08-20 06:09:10.346,2026-08-20 06:10:12.472,WOS:001601681900001
CTNG2026020016467596,DATA2026020034945394,A,CTNG2026020.XML,2026-08-20 06:09:13.954,2026-08-20 06:10:18.936,WOS:001583330000001
CTNG2026020016467605,DATA2026020034945403,A,CTNG2026020.XML,2026-08-20 06:09:14.176,2026-08-20 06:10:19.176,WOS:001523046500001
CTNG2026020016467593,DATA2026020034945391,A,CTNG2026020.XML,2026-08-20 06:09:13.860,2026-08-20 06:10:26.960,WOS:001594840700049
CTNG2026020016467607,DATA2026020034945405,A,CTNG2026020.XML,2026-08-20 06:09:14.214,2026-08-20 06:10:27.849,WOS:001556849200001
CTNG2026020016467502,DATA2026020034945267,A,CTNG2026020.XML,2026-08-20 06:09:12.733,2026-08-20 06:10:21.427,WOS:001593619400001
CTNG2026020016467510,DATA2026020034945275,A,CTNG2026020.XML,2026-08-20 06:09:12.891,2026-08-20 06:10:22.274,WOS:001480072100001
CTNG2026020016467783,DATA2026020034945667,A,CTNG2026020.XML,2026-08-20 06:09:16.589,2026-08-20 06:10:34.494,WOS:001580528500001
CTNG2026020016467789,DATA2026020034945673,A,CTNG2026020.XML,2026-08-20 06:09:16.712,2026-08-20 06:10:35.280,WOS:001744947200017
CTNG2026020016467802,DATA2026020034945685,A,CTNG2026020.XML,2026-08-20 06:09:17.020,2026-08-20 06:10:43.089,WOS:001264685500001
CTNG2026020016467808,DATA2026020034945691,A,CTNG2026020.XML,2026-08-20 06:09:17.174,2026-08-20 06:10:43.693,WOS:001570852100001
